sample_id,sentence_text,source_type,sentence_type,obligation_level,action_type,condition_type,hazard_candidate,equipment_candidate,work_type_candidate,control_category_candidate,control_type_candidate,control_name_candidate,legal_required_possible,confidence,review_note
S0001,"다만, 중대산업재해에 해당하는 재해는 제외한다.",law,scope_exclusion,exception,,,,,,,,,,low,
S0002,"""공중이용시설""이란 다음 각 목의 시설 중 시설의 규모나 면적 등을 고려하여 대통령령으로 정하는 시설을 말한다.",law,definition,informative,,,,,,,,,,low,
S0003,"다만, 「소상공인 보호 및 지원에 관한 법률」 제2조에 따른 소상공인의 사업 또는 사업장 및 이에 준하는 비영리시설과 「교육시설 등의 안전 및 유지관리 등에 관한 법률」 제2조제1호에 따른 교육시설은 제외한다.",law,scope_exclusion,exception,train,,,,,,,,,low,
S0004,「실내공기질 관리법」 제3조제1항의 시설(「다중이용업소의 안전관리에 관한 특별법」 제2조제1항제1호에 따른 영업장은 제외한다) 나.,law,scope_exclusion,exception,,,,,,,,,,low,
S0005,「시설물의 안전 및 유지관리에 관한 특별법」 제2조제1호의 시설물(공동주택은 제외한다) 다.,law,scope_exclusion,exception,maintain,,,,,,,,,low,
S0006,「다중이용업소의 안전관리에 관한 특별법」 제2조제1항제1호에 따른 영업장 중 해당 영업에 사용하는 바닥면적(「건축법」 제84조에 따라 산정한 면적을 말한다)의 합계가 1천제곱미터 이상인 것 라.,law,definition,informative,,,,,,,,,,low,
S0007,"""공중교통수단""이란 불특정다수인이 이용하는 다음 각 목의 어느 하나에 해당하는 시설을 말한다.",law,definition,informative,,,,,,,,,,low,
S0008,「철도산업발전기본법」 제3조제4호에 따른 철도차량 중 동력차ㆍ객차(「철도사업법」 제2조제5호에 따른 전용철도에 사용되는 경우는 제외한다) 다.,law,scope_exclusion,exception,,,,,,,,,,low,
S0009,"""제조물""이란 제조되거나 가공된 동산(다른 동산이나 부동산의 일부를 구성하는 경우를 포함한다)을 말한다.",law,definition,informative,,,,,,,,,,low,
S0010,"""경영책임자등""이란 다음 각 목의 어느 하나에 해당하는 자를 말한다.",law,definition,informative,,,,,,,,,,low,
S0011,이하 같다) 또는 경영책임자등에게는 이 장의 규정을 적용하지 아니한다.,law,scope_exclusion,exception,,,,,,,,,,low,
S0012,제4조(사업주와 경영책임자등의 안전 및 보건 확보의무) ① ① 사업주 또는 경영책임자등은 사업주나 법인 또는 기관이 실질적으로 지배ㆍ운영ㆍ관리하는 사업 또는 사업장에서 종사자의 안전ㆍ보건상 유해 또는 위험을 방지하기 위하여 그 사업 또는 사업장의 특성 및 규모 등을 고려하여 다음 각 호에 따른 조치를 하여야 한다.,law,requirement,mandatory,,,,,,,,,,low,
S0013,"제5조(도급, 용역, 위탁 등 관계에서의 안전 및 보건 확보의무) 사업주 또는 경영책임자등은 사업주나 법인 또는 기관이 제3자에게 도급, 용역, 위탁 등을 행한 경우에는 제3자의 종사자에게 중대산업재해가 발생하지 아니하도록 제4조의 조치를 하여야 한다.",law,requirement,mandatory,,,,,,document_control,ctrl_incident_report,재해·사고 보고,Y,medium,
S0014,"다만, 사업주나 법인 또는 기관이 그 시설, 장비, 장소 등에 대하여 실질적으로 지배ㆍ운영ㆍ관리하는 책임이 있는 경우에 한정한다.",law,scope_exclusion,exception,,,,,,,,,,low,
S0015,"다만, 법인 또는 기관이 그 위반행위를 방지하기 위하여 해당 업무에 관하여 상당한 주의와 감독을 게을리하지 아니한 경우에는 그러하지 아니하다.",law,scope_exclusion,exception,,,,,,,,,,low,
S0016,제8조(안전보건교육의 수강) ① ① 중대산업재해가 발생한 법인 또는 기관의 경영책임자등은 대통령령으로 정하는 바에 따라 안전보건교육을 이수하여야 한다.,law,education_rule,mandatory,train,,,,,document_control,ctrl_incident_report,재해·사고 보고,Y,medium,
S0017,② 제1항의 안전보건교육을 정당한 사유 없이 이행하지 아니한 경우에는 5천만원 이하의 과태료를 부과한다.,law,education_rule,mandatory,train,,,,,training_control,ctrl_safety_training_general,정기 안전보건교육,Y,medium,
S0018,"제9조(사업주와 경영책임자등의 안전 및 보건 확보의무) ① ① 사업주 또는 경영책임자등은 사업주나 법인 또는 기관이 실질적으로 지배ㆍ운영ㆍ관리하는 사업 또는 사업장에서 생산ㆍ제조ㆍ판매ㆍ유통 중인 원료나 제조물의 설계, 제조, 관리상의 결함으로 인한 그 이용자 또는 그 밖의 사람의 생명, 신체의 안전을 위하여 다음 각 호에 따른 조치를 하여야 한다.",law,requirement,mandatory,,,,,,,,,,low,
S0019,"안전ㆍ보건 관계 법령에 따른 의무이행에 필요한 관리상의 조치 ② ② 사업주 또는 경영책임자등은 사업주나 법인 또는 기관이 실질적으로 지배ㆍ운영ㆍ관리하는 공중이용시설 또는 공중교통수단의 설계, 설치, 관리상의 결함으로 인한 그 이용자 또는 그 밖의 사람의 생명, 신체의 안전을 위하여 다음 각 호에 따른 조치를 하여야 한다.",law,requirement,mandatory,install,,,,,,,,,low,
S0020,"안전ㆍ보건 관계 법령에 따른 의무이행에 필요한 관리상의 조치 ③ ③ 사업주 또는 경영책임자등은 사업주나 법인 또는 기관이 공중이용시설 또는 공중교통수단과 관련하여 제3자에게 도급, 용역, 위탁 등을 행한 경우에는 그 이용자 또는 그 밖의 사람의 생명, 신체의 안전을 위하여 제2항의 조치를 하여야 한다.",law,requirement,mandatory,,,,,,,,,,low,
S0021,"제12조(형 확정 사실의 통보) 법무부장관은 제6조, 제7조, 제10조 또는 제11조에 따른 범죄의 형이 확정되면 그 범죄사실을 관계 행정기관의 장에게 통보하여야 한다.",law,requirement,mandatory,,,,,,,,,,low,
S0022,"② 이 법 위반 여부에 관한 형사재판에서 법원은 검사, 피고인 또는 변호인의 신청이 있는 경우 특별한 사정이 없으면 해당 분야의 전문가를 전문심리위원으로 지정하여 소송절차에 참여하게 하여야 한다.",law,requirement,mandatory,inspect,,,,,,,,,low,
S0023,"다만, 법인 또는 기관이 해당 업무에 관하여 상당한 주의와 감독을 게을리하지 아니한 경우에는 그러하지 아니하다.",law,scope_exclusion,exception,,,,,,,,,,low,
S0024,② 법원은 제1항의 배상액을 정할 때에는 다음 각 호의 사항을 고려하여야 한다.,law,requirement,mandatory,,,,,,,,,,low,
S0025,[시행일 : 2021.1.26] 제16조 ① ① 정부는 중대재해를 예방하여 시민과 종사자의 안전과 건강을 확보하기 위하여 다음 각 호의 사항을 이행하여야 한다.,law,requirement,mandatory,,,,,,document_control,ctrl_incident_report,재해·사고 보고,Y,medium,
S0026,③ 정부는 제1항 및 제2항에 따른 중대재해 예방을 위한 조치 이행 등 상황 및 중대재해 예방사업 지원 현황을 반기별로 국회 소관 상임위원회에 보고하여야 한다.,law,document_rule,mandatory,report,,,,,document_control,ctrl_incident_report,재해·사고 보고,Y,medium,
S0027,"""사업주(事業主)""란 근로자를 고용하여 대통령령으로 정하는 건설업(이하 ""건설업""이라 한다)을 하는 자로서 관계 법령에 따라 면허ㆍ허가ㆍ등록 등을 받거나 한 자를 말한다.",law,definition,informative,,,,,,,,,,low,
S0028,"""원수급인(元受給人)""이란 발주자로부터 건설업의 공사를 도급받은 사업주를 말한다.",law,definition,informative,,,,,,,,,,low,
S0029,"""하수급인(下受給人)""이란 원수급인으로부터 건설업의 공사를 도급받은 사업주와 그로부터 건설업의 공사를 도급받은 사업주를 말한다.",law,definition,informative,,,,,,,,,,low,
S0030,"""퇴직공제(退職共濟)""란 사업주가 건설근로자를 피공제자로 하여 건설근로자공제회에 공제부금(共濟賦金)을 내고 그 피공제자가 건설업에서 퇴직하는 등의 경우에 건설근로자공제회가 퇴직공제금을 지급하는 것을 말한다.",law,definition,informative,provide,,,,,,,,,low,
S0031,"제3조(건설근로자 고용개선 기본계획의 수립ㆍ시행) ① ① 고용노동부장관은 건설근로자의 고용안정을 도모하고 직업능력의 개발ㆍ향상을 촉진하며 건설근로자의 복지증진을 지원하기 위하여 건설근로자 고용개선 기본계획(이하 ""기본계획""이라 한다)을 5년마다 수립ㆍ시행하여야 한다.",law,definition,informative,,,,,,,,,,low,
S0032,<개정 2010.6.4> ④ ④ 고용노동부장관이 제1항에 따라 기본계획을 수립한 때에는 지체 없이 국회 소관 상임위원회에 보고하여야 한다.,law,document_rule,mandatory,report,,,,,,,,,low,
S0033,제5조(고용관리 책임자) ① ① 사업주는 다음 각 호에 관한 해당 사업장의 업무 처리를 위하여 사업장별로 고용관리 책임자를 지정하고 이를 고용노동부장관에게 신고하여야 한다.,law,document_rule,mandatory,report,,,,,,,,,low,
S0034,"다만, 대통령령으로 정하는 일정 규모 이하의 사업장의 경우 그러하지 아니하다.",law,scope_exclusion,exception,,,,,,,,,,low,
S0035,<개정 2011.7.25> ④ ④ 사업주는 고용관리 책임자에게 교육ㆍ연수를 시키는 등 그의 업무수행능력을 향상시키기 위하여 노력하여야 한다.,law,requirement,mandatory,train,,,,,,,,,low,
S0036,⑤ 원수급인이 지정하는 고용관리 책임자는 같은 사업장의 하수급인이 지정하는 고용관리 책임자의 제1항제3호부터 제5호까지의 사항에 관한 업무 처리를 지도 및 지원하여야 한다.,law,requirement,mandatory,,,,,,,,,,low,
S0037,사업주(법인인 경우에는 대표자를 말한다)의 성명 2.,law,condition_trigger,informative,,,,,,,,,,low,
S0038,사업장의 명칭 및 소재지(사업주가 법인인 경우에는 법인의 명칭 및 소재지를 포함한다) 3.,law,condition_trigger,informative,,,,,,,,,,low,
S0039,"<신설 2011.7.25> ③ 신설 2011.7.25, 2021.8.17 ③ 제2항에 따라 위탁이나 재위탁을 받는 법인 또는 단체가 제1항 각 호의 어느 하나에 해당하는 사업을 실시하기 위하여는 「국민 평생 직업능력 개발법」, 「직업안정법」 등 그 사업실시와 관련된 법령에서 정한 요건을 갖추어야 한다.",law,equipment_rule,mandatory,,,,,,,,,,low,
S0040,"<개정 2010.6.4, 2011.7.25> ⑥ ⑥ 고용노동부장관은 제1항 각 호의 사업을 실시함에 있어 건설일용근로자를 우선적으로 배려하여야 한다.",law,requirement,mandatory,,,,,,,,,,low,
S0041,제7조의2(고용 관련 편의시설의 설치 등) 사업주는 대통령령으로 정하는 규모 이상의 건설공사가 시행되는 현장에 화장실ㆍ식당ㆍ탈의실 등의 시설을 설치하거나 이용할 수 있도록 조치하여야 한다.,law,requirement,mandatory,install,,,,,,,,,low,
S0042,"제7조의3(임금비용의 구분지급 및 확인) 3 ① ① 국가, 지방자치단체 또는 대통령령으로 정하는 자가 발주하는 건설공사로서 대통령령으로 정하는 규모 이상의 건설공사를 도급하는 자(발주자를 포함하며, 이하 ""도급인""이라 한다)는 그 공사를 도급받은 자(이하 ""수급인""이라 한다)가 건설근로자에게 지급하여야 할 임금에 해당하는 비용(이하 ""임금비용""이라 한다)을 다른 공사비와 구분하여 지급하여야 한다.",law,definition,informative,provide,,,,,,,,,low,
S0043,이 경우 임금비용은 매월 지급하여야 한다.,law,requirement,mandatory,provide,periodic_schedule,,,,inspection_control,ctrl_periodic_inspection,정기 점검,Y,medium,
S0044,② 도급인은 제1항에 따라 수급인에게 건설근로자에 대한 임금비용을 지급할 때에는 수급인이 전월(前月)[임금비용을 최초로 지급한 월(月)에 건설공사가 시작된 경우는 제외한다]에 해당 건설근로자에게 지급한 임금의 내역을 확인하여야 한다.,law,scope_exclusion,exception,provide,,,,,,,,,low,
S0045,③ 도급인은 제2항에 따른 임금의 지급내역을 확인한 결과 수급인이 건설근로자에게 임금을 지급하지 아니한 경우에는 그 사실을 고용노동부장관에게 통보하여야 한다.,law,requirement,mandatory,provide,,,,,,,,,low,
S0046,"제7조의5(기능등급확인증의 발급) 5 ① ① 국토교통부장관은 건설근로자, 사업주 또는 발주자의 신청이 있으면 국토교통부령으로 정하는 바에 따라 건설근로자의 기능등급에 관한 확인증(이하 ""기능등급확인증""이라 한다)을 신청인에게 발급할 수 있다.",law,definition,informative,,,,,,,,,,low,
S0047,"다만, 사업주 또는 발주자는 국토교통부령으로 정하는 사유에 해당하는 경우에만 기능등급확인증의 발급을 신청할 수 있다.",law,scope_exclusion,exception,,,,,,,,,,low,
S0048,② 제1항에 따라 기능등급확인증을 발급받으려는 자는 국토교통부령으로 정하는 바에 따라 수수료를 납부하여야 한다.,law,requirement,mandatory,,,,,,,,,,low,
S0049,제8조(공제사업의 실시) 대통령령으로 정하는 건설업 관련 공제조합 및 사업주단체 중 대통령령으로 정하는 기준에 해당하는 자는 건설근로자의 고용안정과 복지증진을 위하여 퇴직공제에 관한 사업 등 건설근로자를 위한 공제사업을 공동으로 실시하여야 한다.,law,requirement,mandatory,,,,,,,,,,low,
S0050,"제9조(건설근로자공제회의 설립 등) ① ① 제8조에 따라 공제사업을 실시하는 자는 고용노동부장관의 인가를 받아 건설근로자공제회(이하 ""공제회""라 한다)를 설립하여야 한다.",law,definition,informative,,,,,,,,,,low,
S0051,"다만, 제1호의 공제부금 중 퇴직공제금은 피공제자의 퇴직공제금 지급 사업의 용도로만 사용하여야 한다.",law,scope_exclusion,exception,provide,,,,,,,,,low,
S0052,"이 경우 공제회 또는 의뢰를 받는 기관이 해당 사업을 실시하기 위하여는 「국민 평생 직업능력 개발법」, 「직업안정법」 등 그 사업실시와 관련된 법령에서 정한 요건을 갖추어야 한다.",law,equipment_rule,mandatory,,,,,,,,,,low,
S0053,그 밖에 이사회가 필요하다고 인정한 사항 ② ② 이사장은 다음 각 호의 사항을 이사회에 보고하여야 한다.,law,document_rule,mandatory,report,,,,,,,,,low,
S0054,제10조(퇴직공제의 가입) ① ① 「건설산업기본법」 제87조제1항에 따른 건설공사와 대통령령으로 정하는 건설공사를 하는 사업주(사업이 여러 차례의 도급에 의하여 수행되는 경우에는 원수급인을 말한다)는 그 건설공사의 사업시작일부터 당연히 퇴직공제의 가입자가 된다.,law,definition,informative,,,,,,,,,,low,
S0055,"다만, 발주자가 직접 시공하는 건설공사의 경우에는 공사원가 계산서에 퇴직공제에 가입하는 데에 드는 금액을 밝혀야 한다.",law,scope_exclusion,exception,,,,,,,,,,low,
S0056,제10조의4(퇴직공제 관계의 신고) 4 ① ① 제10조제1항에 따라 당연히 퇴직공제의 가입자가 된 사업주는 그 건설공사의 사업시작일부터 14일 이내에 공제회에 퇴직공제 관계의 성립을 신고하여야 한다.,law,document_rule,mandatory,report,,,,,,,,,low,
S0057,"<신설 2019.11.26> ④ ④ 대통령령으로 정하는 일정 규모 이상 사업장의 사업주로서 퇴직공제에 가입한 사업주는 피공제자의 근로일수를 신고하기 위하여 피공제자에게 전자카드를 발급하고, 피공제자는 이를 사용하여야 한다.",law,requirement,mandatory,report,,,,,,,,,low,
S0058,제14조(퇴직공제금의 지급) ① ① 공제회는 다음 각 호의 사유가 발생한 경우에는 공제부금의 납부 월수(月數)를 고려하여 대통령령으로 정하는 기준에 따라 피공제자나 그 유족에게 퇴직공제금을 지급하여야 한다.,law,requirement,mandatory,provide,,,,,,,,,low,
S0059,"다만, 피공제자가 둘 이상의 퇴직공제에 가입한 사업주에게 고용되어 근로한 경우에는 각각의 근로일수를 합산한 일수를 기준으로 하여 납부 월수를 계산한다.",law,scope_exclusion,exception,,,,,,,,,,low,
S0060,제15조(퇴직의 증명 등) ① ① 퇴직공제금을 지급받으려는 자는 퇴직사실을 증명하는 서류와 그 밖에 고용노동부령으로 정하는 서류를 공제회에 제출하여야 한다.,law,requirement,mandatory,provide,,,,,,,,,low,
S0061,"다만, 자진하여 거짓이나 그 밖의 부정한 방법으로 퇴직공제금을 지급받은 사실을 신고하는 경우에는 그 지급받은 퇴직공제금만을 반환하도록 한다.",law,scope_exclusion,exception,provide,,,,,,,,,low,
S0062,제19조(근로자에 대한 고지) ① ① 퇴직공제에 가입한 사업주는 고용노동부령으로 정하는 바에 따라 건설근로자가 보기 쉬운 장소에 퇴직공제의 내용을 게시하여야 한다.,law,document_rule,mandatory,post,,,,,,,,,low,
S0063,제19조의2(피공제자 사망 시 퇴직공제금의 고지) 공제회는 피공제자가 사망한 경우에는 그 유족에게 퇴직공제금의 지급신청 절차와 방법 등을 고용노동부령으로 정하는 바에 따라 고지하여야 한다.,law,requirement,mandatory,provide,,,,,,,,,low,
S0064,"다만, 공제회로부터 자금을 대부받는 경우에는 이를 담보로 제공할 수 있다.",law,scope_exclusion,exception,,,,,,,,,,low,
S0065,"제22조의2(준비금의 적립) 공제회는 결산기마다 장래에 지급할 퇴직공제금에 충당하기 위하여 준비금을 계상(計上)하고, 별도로 회계처리하여야 한다.",law,requirement,mandatory,provide,,,,,,,,,low,
S0066,"제23조의2(관계기관에 대한 협조요청) 2 ① ① 공제회는 제14조에 따른 퇴직공제금의 지급, 제19조제3항 및 제19조의2에 따른 고지 등 이 법에 따른 업무를 수행하기 위하여 다음 각 호의 어느 하나에 해당하는 자료의 제공 또는 관계 전산망의 이용(이하 ""자료제공등""이라 한다)을 해당 각 호의 자에게 각각 요청할 수 있다.",law,definition,informative,provide,,,,,,,,,low,
S0067,법무부장관에게 피공제자의 「출입국관리법」에 따른 출입국관리기록 및 외국인등록 관련자료 ② ② 제1항에 따른 자료제공등을 요청할 때에는 다음 각 호의 사항을 적은 문서로 요청하여야 한다.,law,requirement,mandatory,record,,,,,document_control,ctrl_record_retention,점검·교육 기록 보존,Y,medium,
S0068,제공요청 목록 ③ ③ 제1항에 따른 자료를 활용하여 업무를 수행하거나 수행했던 사람은 제1항에 따라 제공받은 자료나 업무를 수행하면서 취득한 정보를 이 법에서 정한 목적 외의 용도로 사용하거나 다른 사람 또는 기관에 제공하거나 누설해서는 아니 된다.,law,prohibition,prohibited,,,,,,,,,,low,
S0069,"다만, 법인ㆍ단체 또는 개인이 그 위반행위를 방지하기 위하여 해당 업무에 관하여 상당한 주의와 감독을 게을리하지 아니한 경우에는 그러하지 아니하다.",law,scope_exclusion,exception,,,,,,,,,,low,
S0070,제13조제1항을 위반하여 공제부금을 내지 아니한 자(제13조의2에 따라 도급인이 공제부금을 직접 내야 하는 경우는 제외한다) 8.,law,scope_exclusion,exception,,,,,,,,,,low,
S0071,제1조(목적) 이 법은 특정소방대상물 등에 설치하여야 하는 소방시설등의 설치ㆍ관리와 소방용품 성능관리에 필요한 사항을 규정함으로써 국민의 생명ㆍ신체 및 재산을 보호하고 공공의 안전과 복리 증진에 이바지함을 목적으로 한다.,law,equipment_rule,mandatory,install,,,,,,,,,low,
S0072,"""소방시설""이란 소화설비, 경보설비, 피난구조설비, 소화용수설비, 그 밖에 소화활동설비로서 대통령령으로 정하는 것을 말한다.",law,definition,informative,,,,,,,,,,low,
S0073,"""소방시설등""이란 소방시설과 비상구(非常口), 그 밖에 소방 관련 시설로서 대통령령으로 정하는 것을 말한다.",law,definition,informative,,,,,,,,,,low,
S0074,"""특정소방대상물""이란 건축물 등의 규모ㆍ용도 및 수용인원 등을 고려하여 소방시설을 설치하여야 하는 소방대상물로서 대통령령으로 정하는 것을 말한다.",law,definition,informative,install,,,,,,,,,low,
S0075,"""화재안전성능""이란 화재를 예방하고 화재발생 시 피해를 최소화하기 위하여 소방대상물의 재료, 공간 및 설비 등에 요구되는 안전성능을 말한다.",law,definition,informative,,,,,,,,,,low,
S0076,"""성능위주설계""란 건축물 등의 재료, 공간, 이용자, 화재 특성 등을 종합적으로 고려하여 공학적 방법으로 화재 위험성을 평가하고 그 결과에 따라 화재안전성능이 확보될 수 있도록 특정소방대상물을 설계하는 것을 말한다.",law,definition,informative,,,,,,,,,,low,
S0077,"""화재안전기준""이란 소방시설 설치 및 관리를 위한 다음 각 목의 기준을 말한다.",law,definition,informative,install,,,,,,,,,low,
S0078,"""소방용품""이란 소방시설등을 구성하거나 소방용으로 사용되는 제품 또는 기기로서 대통령령으로 정하는 것을 말한다.",law,definition,informative,,,,,,,,,,low,
S0079,제3조(국가 및 지방자치단체의 책무) ① ① 국가와 지방자치단체는 소방시설등의 설치ㆍ관리와 소방용품의 품질 향상 등을 위하여 필요한 정책을 수립하고 시행하여야 한다.,law,requirement,mandatory,install,,,,,,,,,low,
S0080,"② 국가와 지방자치단체는 새로운 소방 기술ㆍ기준의 개발 및 조사ㆍ연구, 전문인력 양성 등 필요한 노력을 하여야 한다.",law,requirement,mandatory,,,,,,,,,,low,
S0081,③ 국가와 지방자치단체는 제1항 및 제2항에 따른 정책을 수립ㆍ시행하는 데 있어 필요한 행정적ㆍ재정적 지원을 하여야 한다.,law,requirement,mandatory,,,,,,,,,,low,
S0082,제4조(관계인의 의무) ① ① 관계인(「소방기본법」 제2조제3호에 따른 관계인을 말한다.,law,definition,informative,,,,,,,,,,low,
S0083,이하 같다)은 소방시설등의 기능과 성능을 보전ㆍ향상시키고 이용자의 편의와 안전성을 높이기 위하여 노력하여야 한다.,law,requirement,mandatory,,,,,,,,,,low,
S0084,② 관계인은 매년 소방시설등의 관리에 필요한 재원을 확보하도록 노력하여야 한다.,law,inspection_rule,mandatory,,,,,,,,,,low,
S0085,③ 관계인은 국가 및 지방자치단체의 소방시설등의 설치 및 관리 활동에 적극 협조하여야 한다.,law,requirement,mandatory,install,,,,,,,,,low,
S0086,④ 관계인 중 점유자는 소유자 및 관리자의 소방시설등 관리 업무에 적극 협조하여야 한다.,law,requirement,mandatory,,,,,,,,,,low,
S0087,"제6조(건축허가등의 동의 등) ① ① 건축물 등의 신축ㆍ증축ㆍ개축ㆍ재축(再築)ㆍ이전ㆍ용도변경 또는 대수선(大修繕)의 허가ㆍ협의 및 사용승인(「주택법」 제15조에 따른 승인 및 같은 법 제49조에 따른 사용검사, 「학교시설사업 촉진법」 제4조에 따른 승인 및 같은 법 제13조에 따른 사용승인을 포함하며, 이하 ""건축허가등""이라 한다)의 권한이 있는 행정기관은 건축허가등을 할 때 미리 그 건축물 등의 시공지(施工地) 또는 소재지를 관할하는 소방본부장이나 소방서장의 동의를 받아야 한다.",law,definition,informative,inspect,,,,,,,,,low,
S0088,③ 제1항에 따른 건축허가등의 권한이 있는 행정기관과 제2항에 따른 신고를 수리할 권한이 있는 행정기관은 제1항에 따라 건축허가등의 동의를 받거나 제2항에 따른 신고를 수리한 사실을 알릴 때 관할 소방본부장이나 소방서장에게 건축허가등을 하거나 신고를 수리할 때 건축허가등을 받으려는 자 또는 신고를 한 자가 제출한 설계도서 중 건축물의 내부구조를 알 수 있는 설계도면을 제출하여야 한다.,law,requirement,mandatory,report,,,,,,,,,low,
S0089,"다만, 국가안보상 중요하거나 국가기밀에 속하는 건축물을 건축하는 경우로서 관계 법령에 따라 행정기관이 설계도면을 확보할 수 없는 경우에는 그러하지 아니하다.",law,scope_exclusion,exception,,,,,,,,,,low,
S0090,"「건축법」 제49조제1항 및 제2항에 따른 피난시설, 방화구획(防火區劃) 2.",law,emergency_rule,mandatory,,,,,,emergency_control,ctrl_emergency_evacuation,비상 대피체계 수립,Y,medium,
S0091,"「건축법」 제50조, 제50조의2, 제51조, 제52조, 제52조의2 및 제53조에 따른 방화벽, 마감재료 등(이하 ""방화시설""이라 한다) 4.",law,definition,informative,,,,,,,,,,low,
S0092,그 밖에 소방자동차의 접근이 가능한 통로의 설치 등 대통령령으로 정하는 사항 ⑥ ⑥ 제1항에 따라 사용승인에 대한 동의를 할 때에는 「소방시설공사업법」 제14조제3항에 따른 소방시설공사의 완공검사증명서를 발급하는 것으로 동의를 갈음할 수 있다.,law,condition_trigger,informative,install,,,,,housekeeping_control,ctrl_housekeeping_cleanup,정리·정돈·청소,Y,medium,
S0093,이 경우 제1항에 따른 건축허가등의 권한이 있는 행정기관은 소방시설공사의 완공검사증명서를 확인하여야 한다.,law,inspection_rule,mandatory,inspect,,,,,,,,,low,
S0094,⑦ 제1항에 따른 건축허가등을 할 때 소방본부장이나 소방서장의 동의를 받아야 하는 건축물 등의 범위는 대통령령으로 정한다.,law,condition_trigger,informative,,,,,,,,,,low,
S0095,"⑧ 다른 법령에 따른 인가ㆍ허가 또는 신고 등(건축허가등과 제2항에 따른 신고는 제외하며, 이하 이 항에서 ""인허가등""이라 한다)의 시설기준에 소방시설등의 설치ㆍ관리 등에 관한 사항이 포함되어 있는 경우 해당 인허가등의 권한이 있는 행정기관은 인허가등을 할 때 미리 그 시설의 소재지를 관할하는 소방본부장이나 소방서장에게 그 시설이 이 법 또는 이 법에 따른 명령을 따르고 있는지를 확인하여 줄 것을 요청할 수 있다.",law,definition,informative,install,,,,,,,,,low,
S0096,제7조(소방시설의 내진설계기준) 「지진ㆍ화산재해대책법」 제14조제1항 각 호의 시설 중 대통령령으로 정하는 특정소방대상물에 대통령령으로 정하는 소방시설을 설치하려는 자는 지진이 발생할 경우 소방시설이 정상적으로 작동될 수 있도록 소방청장이 정하는 내진설계기준에 맞게 소방시설을 설치하여야 한다.,law,equipment_rule,mandatory,install,,,,,,,,,low,
S0097,제8조(성능위주설계) ① ① 연면적ㆍ높이ㆍ층수 등이 일정 규모 이상인 대통령령으로 정하는 특정소방대상물(신축하는 것만 해당한다)에 소방시설을 설치하려는 자는 성능위주설계를 하여야 한다.,law,requirement,mandatory,install,,,,,,,,,low,
S0098,② 제1항에 따라 소방시설을 설치하려는 자가 성능위주설계를 한 경우에는 「건축법」 제11조에 따른 건축허가를 신청하기 전에 해당 특정소방대상물의 시공지 또는 소재지를 관할하는 소방서장에게 신고하여야 한다.,law,document_rule,mandatory,install,,,,,,,,,low,
S0099,③ 소방서장은 제2항에 따른 신고 또는 변경신고를 받은 경우 그 내용을 검토하여 이 법에 적합하면 신고를 수리하여야 한다.,law,requirement,mandatory,report,,,,,,,,,low,
S0100,④ 제2항에 따라 성능위주설계의 신고 또는 변경신고를 하려는 자는 해당 특정소방대상물이 「건축법」 제4조의2에 따른 건축위원회의 심의를 받아야 하는 건축물인 경우에는 그 심의를 신청하기 전에 성능위주설계의 기본설계도서(基本設計圖書) 등에 대해서 해당 특정소방대상물의 시공지 또는 소재지를 관할하는 소방서장의 사전검토를 받아야 한다.,law,condition_trigger,informative,report,,,,,,,,,low,
S0101,"다만, 소방서장은 신기술ㆍ신공법 등 검토ㆍ평가에 고도의 기술이 필요한 경우에는 제18조제1항에 따른 중앙소방기술심의위원회에 심의를 요청할 수 있다.",law,scope_exclusion,exception,,,,,,,,,,low,
S0102,"제9조(성능위주설계평가단) ① ① 성능위주설계에 대한 전문적ㆍ기술적인 검토 및 평가를 위하여 소방청 또는 소방본부에 성능위주설계 평가단(이하 ""평가단""이라 한다)을 둔다.",law,definition,informative,,,,,,,,,,low,
S0103,"제1조(목적) 이 법은 사업 또는 사업장, 공중이용시설 및 공중교통수단을 운영하거나 인체에 해로운 원료나 제조물을 취급하면서 안전ㆍ보건 조치의무를 위반하여 인명피해를 발생하게 한 사업주, 경영책임자, 공무원 및 법인의 처벌 등을 규정함으로써 중대재해를 예방하고 시민과 종사자의 생명과 신체를 보호함을 목적으로 한다.",law,descriptive_noise,informative,,,,,,,,,,low,
S0104,제2조(정의) 이 법에서 사용하는 용어의 뜻은 다음과 같다.,law,descriptive_noise,informative,,,,,,,,,,low,
S0105,"""중대재해""란 ""중대산업재해""와 ""중대시민재해""를 말한다.",law,descriptive_noise,informative,,,,,,,,,,low,
S0106,"""중대산업재해""란 「산업안전보건법」 제2조제1호에 따른 산업재해 중 다음 각 목의 어느 하나에 해당하는 결과를 야기한 재해를 말한다.",law,descriptive_noise,informative,,,,,,,,,,low,
S0107,사망자가 1명 이상 발생 나.,law,descriptive_noise,informative,,quantity_threshold,,,,,,,,low,
S0108,동일한 사고로 6개월 이상 치료가 필요한 부상자가 2명 이상 발생 다.,law,descriptive_noise,informative,,quantity_threshold,,,,,,,,low,
S0109,동일한 유해요인으로 급성중독 등 대통령령으로 정하는 직업성 질병자가 1년 이내에 3명 이상 발생 3.,law,descriptive_noise,informative,,quantity_threshold,,,,,,,,low,
S0110,"""중대시민재해""란 특정 원료 또는 제조물, 공중이용시설 또는 공중교통수단의 설계, 제조, 설치, 관리상의 결함을 원인으로 하여 발생한 재해로서 다음 각 목의 어느 하나에 해당하는 결과를 야기한 재해를 말한다.",law,descriptive_noise,informative,install,,,,,,,,,low,
S0111,동일한 사고로 2개월 이상 치료가 필요한 부상자가 10명 이상 발생 다.,law,descriptive_noise,informative,,quantity_threshold,,,,,,,,low,
S0112,동일한 원인으로 3개월 이상 치료가 필요한 질병자가 10명 이상 발생 4.,law,descriptive_noise,informative,,quantity_threshold,,,,,,,,low,
S0113,그 밖에 가목부터 다목까지에 준하는 시설로서 재해 발생 시 생명ㆍ신체상의 피해가 발생할 우려가 높은 장소 5.,law,descriptive_noise,informative,,incident_emergency,,,,,,,,low,
S0114,「도시철도법」 제2조제2호에 따른 도시철도의 운행에 사용되는 도시철도차량 나.,law,descriptive_noise,informative,,,,,,,,,,low,
S0115,「여객자동차 운수사업법 시행령」 제3조제1호라목에 따른 노선 여객자동차운송사업에 사용되는 승합자동차 라.,law,descriptive_noise,informative,,,,,,,,,,low,
S0116,「해운법」 제2조제1호의2의 여객선 마.,law,descriptive_noise,informative,,,,,,,,,,low,
S0117,「항공사업법」 제2조제7호에 따른 항공운송사업에 사용되는 항공기 6.,law,descriptive_noise,informative,,,,,,,,,,low,
S0118,"""종사자""란 다음 각 목의 어느 하나에 해당하는 자를 말한다.",law,descriptive_noise,informative,,,,,,,,,,low,
S0119,「근로기준법」상의 근로자 나.,law,descriptive_noise,informative,,,,,,,,,,low,
S0120,"도급, 용역, 위탁 등 계약의 형식에 관계없이 그 사업의 수행을 위하여 대가를 목적으로 노무를 제공하는 자 다.",law,descriptive_noise,informative,,,,,,,,,,low,
S0121,"""건설업 산업안전보건관리비""(이하 ""산업안전보건관리비""라 한다)란 산업재해 예방을 위하여 건설공사 현장에서 직접 사용되거나 해당 건설업체의 본점 또는 주사무소(이하 ""본사""라 한다)에 설치된 안전전담부서에서 법령에 규정된 사항을 이행하는 데 소요되는 비용을 말한다.",admrul,definition,informative,install,,,,,,,,,low,
S0122,"""산업안전보건관리비 대상액""(이하 ""대상액""이라 한다)이란 「예정가격 작성기준」(기획재정부 계약예규) 및 「지방자치단체 입찰 및 계약집행기준」(행정안전부 예규) 등 관련 규정에서 정하는 공사원가계산서 구성항목 중 직접재료비, 간접재료비와 직접노무비를 합한 금액(발주자가 재료를 제공할 경우에는 해당 재료비를 포함한다)을 말한다.",admrul,definition,informative,prepare,,,,,,,,,low,
S0123,"""건설공사발주자""(이하 ""발주자""라 한다)란 법 제2조제10호에 따른 건설공사발주자를 말한다.",admrul,definition,informative,,,,,,,,,,low,
S0124,"""건설공사도급인""이란 발주자에게 건설공사를 도급받은 사업주로서 건설공사의 시공을 주도하여 총괄ㆍ관리하는 자를 말한다.",admrul,definition,informative,,,,,,,,,,low,
S0125,"""자기공사자""란 건설공사의 시공을 주도하여 총괄ㆍ관리하는 자(발주자로부터 건설공사를 최초로 도급받은 수급인은 제외한다)를 말한다.",admrul,scope_exclusion,exception,,,,,,,,,,low,
S0126,"그 밖에 이 고시에서 사용하는 용어의 정의는 이 고시에 특별한 규정이 없으면「산업안전보건법」(이하 ""법""이라 한다), 같은 법 시행령(이하 ""영""이라 한다), 같은 법 시행규칙(이하 ""규칙""이라 한다), 예산회계 및 건설관계법령에서 정하는 바에 따른다.",admrul,definition,informative,,,,,,,,,,low,
S0127,"다만, 단가계약에 의하여 행하는 공사에 대하여는 총계약금액을 기준으로 적용한다.",admrul,scope_exclusion,exception,,,,,,,,,,low,
S0128,"제4조(계상의무 및 기준) ① 발주자가 도급계약 체결을 위한 원가계산에 의한 예정가격을 작성하거나, 자기공사자가 건설공사 사업 계획을 수립할 때에는 다음 각 호에 따라 산정한 금액 이상의 산업안전보건관리비를 계상하여야 한다.",admrul,requirement,mandatory,prepare,,,,,,,,,low,
S0129,"다만, 발주자가 재료를 제공하거나 일부 물품이 완제품의 형태로 제작ㆍ납품되는 경우에는 해당 재료비 또는 완제품 가액을 대상액에 포함하여 산출한 산업안전보건관리비와 해당 재료비 또는 완제품 가액을 대상액에서 제외하고 산출한 산업안전보건관리비의 1.2배에 해당하는 값을 비교하여 그 중 작은 값 이상의 금액으로 계상한다.",admrul,scope_exclusion,exception,,,,,,,,,,low,
S0130,대상액이 5억 원 미만 또는 50억 원 이상인 경우: 대상액에 별표 1에서 정한 비율을 곱한 금액,admrul,legal_reference,informative,,,,,,,,,,low,
S0131,대상액이 5억 원 이상 50억 원 미만인 경우: 대상액에 별표 1에서 정한 비율을 곱한 금액에 기초액을 합한 금액,admrul,legal_reference,informative,,,,,,,,,,low,
S0132,"발주자와 법 제69조에 따른 건설공사도급인 중 자기공사자를 제외하고 발주자로부터 해당 건설공사를 최초로 도급받은 수급인(이하 ""도급인""이라 한다)은 공사계약을 체결할 경우 제1항에 따라 계상된 산업안전보건관리비를 공사도급계약서에 별도로 표시하여야 한다.",admrul,definition,informative,,,,,,,,,,low,
S0133,별표 1의 공사의 종류는 별표 5의 건설공사의 종류 예시표에 따른다.,admrul,legal_reference,informative,,,,,,,,,,low,
S0134,"다만, 하나의 사업장 내에 건설공사 종류가 둘 이상인 경우(분리발주한 경우를 제외한다)에는 공사금액이 가장 큰 공사종류를 적용한다.",admrul,scope_exclusion,exception,,,,,,,,,,low,
S0135,발주자 또는 자기공사자는 설계변경 등으로 대상액의 변동이 있는 경우 별표 1의3에 따라 지체 없이 산업안전보건관리비를 조정 계상하여야 한다.,admrul,legal_reference,informative,,,,,,,,,,low,
S0136,"다만, 설계변경으로 공사금액이 800억 원 이상으로 증액된 경우에는 증액된 대상액을 기준으로 제1항에 따라 재계상한다.",admrul,scope_exclusion,exception,,,,,,,,,,low,
S0137,제7조(사용기준) ① 도급인과 자기공사자는 산업안전보건관리비를 산업재해예방 목적으로 다음 각 호의 기준에 따라 사용하여야 한다.,admrul,requirement,mandatory,,,,,,document_control,ctrl_incident_report,재해·사고 보고,Y,medium,
S0138,별표 1의2에 해당하는 작업을 직접 지휘ㆍ감독하는 직ㆍ조ㆍ반장 등 관리감독자의 직위에 있는 자가 영 제15조제1항에서 정하는 업무를 수행하는 경우에 지급하는 업무수당(임금의 10분의 1 이내),admrul,legal_reference,informative,provide,,,,,,,,,low,
S0139,"산업재해 예방을 위한 안전난간, 추락방호망, 안전대 부착설비, 방호장치(기계ㆍ기구와 방호장치가 일체로 제작된 경우, 방호장치 부분의 가액에 한함) 등 안전시설의 구입ㆍ임대 및 설치 등을 위해 소요되는 비용",admrul,ppe_rule,mandatory,install,,,,,document_control,ctrl_incident_report,재해·사고 보고,Y,medium,
S0140,"다만, 제4조에 따라 계상된 산업안전보건관리비 총액의 10분의 2를 초과할 수 없다.",admrul,scope_exclusion,exception,,,,,,,,,,low,
S0141,가목 이외 산업재해 예방이 주된 목적인 교육을 실시하기 위해 소요되는 비용,admrul,education_rule,mandatory,train,,,,,document_control,ctrl_incident_report,재해·사고 보고,Y,medium,
S0142,「응급의료에 관한 법률」 제14조제1항제5호에 따른 안전보건교육 대상자 등에게 구조 및 응급처치에 관한 교육을 실시하기 위해 소요되는 비용,admrul,education_rule,mandatory,train,,,,,training_control,ctrl_safety_training_general,정기 안전보건교육,Y,high,
S0143,"다만, 행사의 방법, 소요된 비용 등을 고려하여 사회통념에 적합한 행사에 한한다.",admrul,scope_exclusion,exception,,,,,,,,,,low,
S0144,"다만, 제4조에 따라 계상된 산업안전보건관리비 총액의 20분의 1을 초과할 수 없다.",admrul,scope_exclusion,exception,,,,,,,,,,low,
S0145,법 제36조에 따른 위험성평가 또는 「중대재해 처벌 등에 관한 법률 시행령」 제4조제3호에 따라 유해ㆍ위험요인 개선을 위해 필요하다고 판단하여 법 제24조의 산업안전보건위원회 또는 법 제75조의 노사협의체에서 사용하기로 결정한 사항을 이행하기 위한 비용(산업안전보건위원회 또는 노사협의체가 없는 현장의 경우에는 근로자의 의견을 들어 법 제64조에 따른 안전 및 보건에 관한 협의체에서 결정한 사항을 이행하기 위한 비용을 말한다).,admrul,definition,informative,,,,,,,,,,low,
S0146,"다만, 제4조에 따라 계상된 산업안전보건관리비 총액의 100분의 15를 초과할 수 없다.",admrul,scope_exclusion,exception,,,,,,,,,,low,
S0147,"다만, 제1항제2호나목 및 다목, 제1항제6호나목부터 마목, 제1항제9호의 경우에는 그러하지 아니하다.",admrul,scope_exclusion,exception,,,,,,,,,,low,
S0148,"「(계약예규)예정가격작성기준」제19조제3항 중 각 호(단, 제14호는 제외한다)에 해당되는 비용",admrul,scope_exclusion,exception,prepare,,,,,,,,,low,
S0149,도급인 및 자기공사자는 별표 3에서 정한 공사진척에 따른 산업안전보건관리비 사용기준을 준수하여야 한다.,admrul,legal_reference,informative,,,,,,,,,,low,
S0150,"다만, 건설공사발주자는 건설공사의 특성 등을 고려하여 사용기준을 달리 정할 수 있다.",admrul,scope_exclusion,exception,,,,,,,,,,low,
S0151,제9조(사용내역의 확인) ① 도급인은 산업안전보건관리비 사용내역에 대하여 공사 시작 후 6개월마다 1회 이상 발주자 또는 감리자의 확인을 받아야 한다.,admrul,inspection_rule,mandatory,,periodic_schedule,,,,inspection_control,ctrl_periodic_inspection,정기 점검,Y,medium,
S0152,"다만, 6개월 이내에 공사가 종료되는 경우에는 종료 시 확인을 받아야 한다.",admrul,scope_exclusion,exception,,,,,,,,,,low,
S0153,"""유해ㆍ위험요인""이란 유해ㆍ위험을 일으킬 잠재적 가능성이 있는 것의 고유한 특징이나 속성을 말한다.",admrul,definition,informative,,,,,,,,,,low,
S0154,"""위험성""이란 유해ㆍ위험요인이 사망, 부상 또는 질병으로 이어질 수 있는 가능성과 중대성 등을 고려한 위험의 정도를 말한다.",admrul,definition,informative,,,,,,,,,,low,
S0155,"""위험성평가""란 사업주가 스스로 유해ㆍ위험요인을 파악하고 해당 유해ㆍ위험요인의 위험성 수준을 결정하여, 위험성을 낮추기 위한 적절한 조치를 마련하고 실행하는 과정을 말한다.",admrul,definition,informative,,,,,,,,,,low,
S0156,"그 밖에 이 고시에서 사용하는 용어의 뜻은 이 고시에 특별히 정한 것이 없으면 「산업안전보건법」(이하 ""법""이라 한다), 같은 법 시행령(이하 ""영""이라 한다), 같은 법 시행규칙(이하 ""규칙""이라 한다) 및「산업안전보건기준에 관한 규칙」(이하 ""안전보건규칙""이라 한다)에서 정하는 바에 따른다.",admrul,definition,informative,,,,,,,,,,low,
S0157,"제4조(정부의 책무) ① 고용노동부장관(이하 ""장관""이라 한다)은 사업장 위험성평가가 효과적으로 추진되도록 하기 위하여 다음 각 호의 사항을 강구하여야 한다.",admrul,definition,informative,,,,,,,,,,low,
S0158,"장관은 제1항 각 호의 사항 중 필요한 사항을 한국산업안전보건공단(이하 ""공단""이라 한다)으로 하여금 수행하게 할 수 있다.",admrul,definition,informative,,,,,,,,,,low,
S0159,제5조(위험성평가 실시주체) ① 사업주는 스스로 사업장의 유해ㆍ위험요인을 파악하고 이를 평가하여 관리 개선하는 등 위험성평가를 실시하여야 한다.,admrul,requirement,mandatory,,,,,,,,,,low,
S0160,"법 제63조에 따른 작업의 일부 또는 전부를 도급에 의하여 행하는 사업의 경우는 도급을 준 도급인(이하 ""도급사업주""라 한다)과 도급을 받은 수급인(이하 ""수급사업주""라 한다)은 각각 제1항에 따른 위험성평가를 실시하여야 한다.",admrul,definition,informative,,,,,,,,,,low,
S0161,제2항에 따른 도급사업주는 수급사업주가 실시한 위험성평가 결과를 검토하여 도급사업주가 개선할 사항이 있는 경우 이를 개선하여야 한다.,admrul,requirement,mandatory,,,,,,,,,,low,
S0162,"다만, 매우 경미한 부상 및 질병만을 초래할 것으로 명백히 예상되는 유해ㆍ위험요인은 평가 대상에서 제외할 수 있다.",admrul,scope_exclusion,exception,,,,,,,,,,low,
S0163,"사업주는 사업장 내 부상 또는 질병으로 이어질 가능성이 있었던 상황(이하 ""아차사고""라 한다)을 확인한 경우에는 해당 사고를 일으킨 유해ㆍ위험요인을 위험성평가의 대상에 포함시켜야 한다.",admrul,definition,informative,,,,,,,,,,low,
S0164,"사업주는 사업장 내에서 법 제2조제2호의 중대재해가 발생한 때에는 지체 없이 중대재해의 원인이 되는 유해ㆍ위험요인에 대해 제15조제2항의 위험성평가를 실시하고, 그 밖의 사업장 내 유해ㆍ위험요인에 대해서는 제15조제3항의 위험성평가 재검토를 실시하여야 한다.",admrul,requirement,mandatory,,,,,,document_control,ctrl_incident_report,재해·사고 보고,Y,medium,
S0165,"제6조(근로자 참여) 사업주는 위험성평가를 실시할 때, 법 제36조제2항에 따라 다음 각 호에 해당하는 경우 해당 작업에 종사하는 근로자를 참여시켜야 한다.",admrul,condition_trigger,informative,,,,,,,,,,low,
S0166,제7조(위험성평가의 방법) ① 사업주는 다음과 같은 방법으로 위험성평가를 실시하여야 한다.,admrul,requirement,mandatory,,,,,,,,,,low,
S0167,사업주는 제1항에서 정하고 있는 자에 대해 위험성평가를 실시하기 위해 필요한 교육을 실시하여야 한다.,admrul,education_rule,mandatory,train,,,,,training_control,ctrl_safety_training_general,정기 안전보건교육,Y,medium,
S0168,"이 경우 위험성평가에 대해 외부에서 교육을 받았거나, 관련학문을 전공하여 관련 지식이 풍부한 경우에는 필요한 부분만 교육을 실시하거나 교육을 생략할 수 있다.",admrul,education_rule,mandatory,train,,,,,training_control,ctrl_safety_training_general,정기 안전보건교육,Y,medium,
S0169,"다만, 공정안전보고서의 내용 중 공정위험성 평가서가 최대 4년 범위 이내에서 정기적으로 작성된 경우에 한한다.",admrul,scope_exclusion,exception,prepare,,,,,,,,,low,
S0170,제8조(위험성평가의 절차) 사업주는 위험성평가를 다음의 절차에 따라 실시하여야 한다.,admrul,requirement,mandatory,,,,,,,,,,low,
S0171,"다만, 상시근로자 5인 미만 사업장(건설공사의 경우 1억원 미만)의 경우 제1호의 절차를 생략할 수 있다.",admrul,scope_exclusion,exception,,,,,,,,,,low,
S0172,"제1조(목적) 이 고시는 「산업안전보건법」 제72조, 같은 법 시행령 제59조 및 제60조와 같은 법 시행규칙 제89조에 따라 건설업의 산업안전보건관리비 계상 및 사용기준을 정함을 목적으로 한다.",admrul,descriptive_noise,informative,,,,,,,,,,low,
S0173,제2조(정의) ① 이 고시에서 사용하는 용어의 뜻은 다음과 같다.,admrul,descriptive_noise,informative,,,,,,,,,,low,
S0174,"""감리자""란 다음 각 목의 어느 하나에 해당하는 자를 말한다.",admrul,descriptive_noise,informative,,,,,,,,,,low,
S0175,「건설기술진흥법」 제2조제5호에 따른 감리 업무를 수행하는 자,admrul,descriptive_noise,informative,,,,,,,,,,low,
S0176,「건축법」 제2조제1항제15호의 공사감리자,admrul,descriptive_noise,informative,,,,,,,,,,low,
S0177,「문화재수리 등에 관한 법률」 제2조제12호의 문화재감리원,admrul,descriptive_noise,informative,,,,,,,,,,low,
S0178,「소방시설공사업법」 제2조제3호의 감리원,admrul,descriptive_noise,informative,,,,,,,,,,low,
S0179,「전력기술관리법」 제2조제5호의 감리원,admrul,descriptive_noise,informative,,,,,,,,,,low,
S0180,「정보통신공사업법」 제2조제10호의 감리원,admrul,descriptive_noise,informative,,,,,,,,,,low,
S0181,항목별 실행계획 항목 금액 비율 (%) 안전·보건관리자 임금 등 % 안전시설비 등 % 보호구 등 % 안전보건진단비 등 % 안전보건교육비 등 % 근로자 건강장해예방비 등 % 건설재해예방전문지도기관 기술지도비 % 본사 전담조직 근로자 임금 등 % 위험성평가 등에 따른 소요비용 % 총계 100% 210㎜×297㎜[일반용지 60g/㎡(재활용품)] (뒤쪽) 3.,licbyl,education_rule,mandatory,train,,,,,training_control,ctrl_safety_training_general,정기 안전보건교육,Y,medium,
S0182,세부 사용계획 항목 세부항목 단위 수 량 금액 산출 명세 사용시기 안전·보건관리자 임금 등 안전시설비 등 보호구 등 안전보건진단비 등 안전보건교육비 등 근로자 건강장해예방비 등 건설재해예방전문지도기관 기술지도비 본사 전담조직 근로자 임금 등 위험성평가 등에 따른 소요비용,licbyl,education_rule,mandatory,train,,,,,training_control,ctrl_safety_training_general,정기 안전보건교육,Y,medium,
S0183,■ 산업안전보건법 시행령 [별표 9] <개정 2024.,licbyl,legal_reference,informative,,,,,,,,,,low,
S0184,"화학물질 및 화학제품 제조업; 의약품 제외(세제, 화장품 및 광택제 제조업과 화학섬유 제조업은 제외한다) 4.",licbyl,scope_exclusion,exception,,hazardous_substance,,,,,,,,low,
S0185,기타 기계 및 장비 제조업(사무용 기계 및 장비 제조업은 제외한다) 9.,licbyl,scope_exclusion,exception,,,,,,,,,,low,
S0186,기타 운송장비 제조업(전투용 차량 제조업은 제외한다) 상시근로자 50명 이상 10.,licbyl,scope_exclusion,exception,,quantity_threshold,,,,,,,,low,
S0187,"전문, 과학 및 기술 서비스업(연구개발업은 제외한다) 18.",licbyl,scope_exclusion,exception,,,,,,,,,,low,
S0188,건설업 공사금액 120억원 이상( 「건설산업기본법 시행령」 별표 1의 종합공사를 시공하는 업종의 건설업종란 제1호에 따른 토목공사업의 경우에는 150억원 이상) 21.,licbyl,legal_reference,informative,,,,,,,,,,low,
S0189,> 변경신청서(법인 등 신청용) [ ] 안전관리전문기관 [ ] [ ] 건설재해예방전문지도기관 [ ] 자율안전검사 기관 [ ] 안전 [ ] 안전검사기관 [ ] 특수건강진단기관 [ ] 작업환경측정기관 (위탁/자체) [ ] 종합진단기관 [ ] 안전진단기관(일반안전 ㆍ 건설안전진단기관) [ ] 안전보건진단기관 [ ] 석면조사기관 ※ [ ]에는 해당되는 곳에 √ 표시를 합니다.,licbyl,inspection_rule,mandatory,inspect,,,,,inspection_control,ctrl_working_environment_measurement,작업환경측정,Y,medium,
S0190,■ 산업안전보건법 시행규칙 [별표 2] <개정 2024.,licbyl,legal_reference,informative,,,,,,,,,,low,
S0191,"전문, 과학 및 기술 서비스업(연구개발업은 제외한다) 9.",licbyl,scope_exclusion,exception,,,,,,,,,,low,
S0192,■ 산업안전보건법 시행규칙 [별표 3] 안전보건관리규정의 세부 내용 ( 제25조 제2항 관련) 1.,licbyl,legal_reference,informative,,,,,,,,,,low,
S0193,"근로자 건강진단, 작업환경측정의 실시 및 조치절차 등에 관한 사항 나.",licbyl,inspection_rule,mandatory,measure,,,,,inspection_control,ctrl_working_environment_measurement,작업환경측정,Y,medium,
S0194,■ 산업안전보건법 시행령 [별표 2] <개정 2024.,licbyl,legal_reference,informative,,,,,,,,,,low,
S0195,"전문, 과학 및 기술 서비스업(연구개발업은 제외한다) 31.",licbyl,scope_exclusion,exception,,,,,,,,,,low,
S0196,> 지정신청서(법인 등 신청용) [ ] 안전관리전문기관 [ ] [ ] 건설재해예방전문지도기관 [ ] 자율안전검 사기관 [ ] 안전 [ ] 안전검사기관 [ ] 특수건강진단기관 [ ] 작업환경측정기관 (위탁/자체) [ ] 종합진단기관 [ ] 안전진단기관 [ ] 안전보건진단기관 [ ] 석면조사기관 ※ [ ]에는 해당되는 곳에 √ 표시를 합니다.,licbyl,inspection_rule,mandatory,inspect,,,,,inspection_control,ctrl_working_environment_measurement,작업환경측정,Y,medium,
S0197,최초 1년간의 사업계획서(건설재해예방전문지도기관 및 석면조사기관은 제외하며 사업장 자체 측정기관의 경우에는 측정대상 사업장의 명단 및 최종 작업환경측정 결과서 사본) 6.,licbyl,inspection_rule,mandatory,measure,,,,,inspection_control,ctrl_working_environment_measurement,작업환경측정,Y,medium,
S0198,"다만, 건강진단ㆍ분석능력 평가 결과 적합판정을 받은 건강진단기관과 생물학적 노출지표 분석의뢰계약을 체결하고 계약서를 제출하는 경우에는 그 계약서(제211조제1항에 따라 특수건강진단기관 지정을 신청하는 경우만 해당합니다) 7.",licbyl,scope_exclusion,exception,,,,,,,,,,low,
S0199,■ 산업안전보건법 시행규칙 [별지 제8호의2서식] <신설 2024.,licbyl,descriptive_noise,informative,,,,,,,,,,low,
S0200,"> [ ]안전관리전문기관 [ ]보건관리전문기관 변경 (산업안전ㆍ보건지도사 신청용) [ ]건설재해예방전문지도기관 ※ 색상이 어두운 칸은 신청인이 작성하지 않으며 , [ ]에는 해당되는 곳에 √표를 합니다.",licbyl,descriptive_noise,informative,prepare,,,,,,,,,low,
S0201,"접수번호 접수일시 처리일자 처리기간 20일 신청인 성명 업무지역 사무소 사무소 명칭 전화번호 소재지 대표자 성명(변경신청하는 지도사와 대표자가 다른 경우만 기입합니다) 변경사항 변경 전 변경 후 변경 사유 발생일 「산업안전보건법」, 같은 법 시행령 및 같은 법 시행규칙의 관련 규정에 따라 위와 같이 변경사항을 신청합니다.",licbyl,descriptive_noise,informative,,,,,,,,,,low,
S0202,년 월 일 신청인 (서명 또는 인) 고용노동부장관 ㆍ 지방고용노동청장 귀하 첨부서류 1.,licbyl,descriptive_noise,informative,,,,,,,,,,low,
S0203,변경을 증명하는 서류 1부 2.,licbyl,descriptive_noise,informative,,,,,,,,,,low,
S0204,지정서 원본 수수료 없음 공지사항 본 민원의 처리결과에 대한 만족도 조사 및 관련 제도 개선에 필요한 의견조사를 위해 귀하의 전화번호(휴대전화)로 전화조사를 실시할 수 있습니다.,licbyl,descriptive_noise,informative,,,,,,,,,,low,
S0205,처리절차 신청서 작성 ‣ 접 수 ‣ 확인 ㆍ 검토 ‣ 결 재 ‣ 시 행 ‣ 지정 통보 신청인 문서 접수 담당부서 산업안전ㆍ 보건업무 담당부서 장관ㆍ지방고용노동청장 문서 발송 담당부서,licbyl,descriptive_noise,informative,prepare,,,,,,,,,low,
S0206,■ 산업안전보건법 시행규칙 [별지 제6호의2서식] <신설 2024.,licbyl,descriptive_noise,informative,,,,,,,,,,low,
S0207,"> [ ]안전관리전문기관 [ ]보건관리전문기관 (산업안전ㆍ보건지도사 신청용) [ ]건설재해예방전문지도기관 ※ 색상이 어두운 칸은 신청인이 작성하지 않으며 , [ ]에는 해당되는 곳에 √표를 합니다.",licbyl,descriptive_noise,informative,prepare,,,,,,,,,low,
S0208,"접수번호 접수일시 처리일자 처리기간 20일 신청인 성명 업무지역 사무소 사무소 명칭 전화번호 소재지 대표자 성명(지정신청하는 지도사와 대표자가 다른 경우만 기입합니다) 「산업안전보건법」, 같은 법 시행령 및 같은 법 시행규칙의 관련 규정에 따라 위와 같이 신청합니다.",licbyl,descriptive_noise,informative,,,,,,,,,,low,
S0209,「산업안전보건법 시행규칙」 제229조제2항에 따른 등록증 사본 2.,licbyl,descriptive_noise,informative,,,,,,,,,,low,
S0210,건물임대차계약서 사본이나 그 밖에 사무실 보유를 증명할 수 있는 서류와 시설ㆍ장비 명세서 3.,licbyl,descriptive_noise,informative,,,,,,,,,,low,
S0211,최초 1년간의 사업계획서(건설재해예방전문지도기관은 제외합니다) 수수료 없음 공지사항 본 민원의 처리결과에 대한 만족도 조사 및 관련 제도 개선에 필요한 의견조사를 위해 귀하의 전화번호(휴대전화)로 전화조사를 실시할 수 있습니다.,licbyl,descriptive_noise,informative,,,,,,,,,,low,
S0212,■ 산업안전보건법 시행규칙 [별지 제102호서식] <개정 2025.,licbyl,descriptive_noise,informative,,,,,,,,,,low,
S0213,> 산업안전보건관리비 사용계획서 (앞 쪽) 1.,licbyl,descriptive_noise,informative,,,,,,,,,,low,
S0214,일반사항 발주자 공사 금액 계 공사종류 (해당란에 √ 표) [ ]건축공사 [ ]토목공사 [ ]중건설공사 [ ]특수건설공사 ① 재료비 (관급별도) ② 관급재료비 ③ 직접노무비 ④ 그 밖의 사항 산업안전보건관리비 산업안전보건관리비 계상 대상금액 [공사금액 중 ①+②+③] 2.,licbyl,descriptive_noise,informative,,,,,,,,,,low,
S0215,> 산업안전보건위원회를 구성해야 할 사업의 종류 및 사업장의 상시근로자 수 (제34조 관련) 사업의 종류 사업장의 상시근로자 수 1.,licbyl,descriptive_noise,informative,,legal_scope,,,,,,,,low,
S0216,목재 및 나무제품 제조업; 가구제외 3.,licbyl,descriptive_noise,informative,,,,,,,,,,low,
S0217,비금속 광물제품 제조업 5.,licbyl,descriptive_noise,informative,,,,,,,,,,low,
S0218,금속가공제품 제조업; 기계 및 가구 제외 7.,licbyl,descriptive_noise,informative,,,,,,,,,,low,
S0219,자동차 및 트레일러 제조업 8.,licbyl,descriptive_noise,informative,,,,,,,,,,low,
S0220,소프트웨어 개발 및 공급업 13.,licbyl,descriptive_noise,informative,,,,,,,,,,low,
S0221,"유해물질취급시에는방독마스크, 보안경, 안전장갑등개인보호구를착용하고작업을해야합니다.",kosha,ppe_rule,mandatory,wear,,,,,ppe_control,ctrl_ppe_wear,보호구 착용,Y,high,
S0222,•DISH와정반사이에발이협착되지않는위치에서크레인에신호,kosha,equipment_rule,mandatory,,,,,,,,,,low,
S0223,반복작업및정적인자세로오랜시간작업시주기적으로스트레칭을실시하는가?,kosha,inspection_rule,mandatory,,,,,,,,,,low,
S0224,화학물질취급장소에국소배기장치가설치되어있는가?,kosha,equipment_rule,mandatory,install,hazardous_substance,,,,engineering_control,ctrl_local_ventilation_install,국소배기장치 설치·운전,Y,medium,
S0225,유해화학물질사용시물질안전보건자료(MSDS)를눈에띄는곳에비치하고교육을,kosha,document_rule,mandatory,provide,hazardous_substance,,,,document_control,ctrl_msds_posting,MSDS·경고표지 게시,Y,high,
S0226,"작업전, 중, 후주기적으로스트레칭을하는가?",kosha,inspection_rule,mandatory,,,,,,,,,,low,
S0227,● 핸드 크레인은 사람의 팔 모양을 본 따서 만들어진 소형 지브 크레인으로 중량물을 들어 올려서,kosha,equipment_rule,mandatory,,,,,,,,,,low,
S0228,"(일명 베이비 크레인, 플로어 크레인) 모든 조작을 인력으",kosha,equipment_rule,mandatory,,,,,,,,,,low,
S0229,붐을 과도하게 인출한 상태로 인양하다가 크레인 넘어짐 위험,kosha,equipment_rule,mandatory,,lifting_operation,,,,,,,,low,
S0230,● 크레인의 후크에는 해지장치를 부착하여 후크에서 이탈을 방지,kosha,equipment_rule,mandatory,,,,,,,,,,low,
S0231,- 불균형에 의한 크레인 넘어짐 예방을 위해 반드시 아웃트리거를 펼쳐 고정한 상태로 인양,kosha,equipment_rule,mandatory,,lifting_operation,,,,,,,,low,
S0232,- 붐을 선회하는 타입의 크레인 경우에는 크레인 넘어짐 방지를 위해 일정한 구간에 선회 한도 스토퍼 등,kosha,equipment_rule,mandatory,,,,,,,,,,low,
S0233,핸드 크레인을 이용하여 작업 다이 위에 50kg 정도 되는 중량물(지그)을 이동하던 중 핸드 크레인이,kosha,equipment_rule,mandatory,,,,,,,,,,low,
S0234,● 크레인 후크에는 해지장치를 부착하여 이탈을 방지,kosha,equipment_rule,mandatory,,,,,,,,,,low,
S0235,● 크레인 불균형으로 인한 넘어짐을 예방하기 위해 아웃트리거를 펼쳐 고정한 상태로,kosha,equipment_rule,mandatory,,,,,,,,,,low,
S0236,"재해사례 : 핸드 크레인으로 운반중이던 중량물 낙하, 협착",kosha,equipment_rule,mandatory,,,,,,,,,,low,
S0237,● 크레인 후크에서 중량물을 매단 체인이 이탈,kosha,equipment_rule,mandatory,,,,,,,,,,low,
S0238,● 크레인 위치 불균형으로 인해 크레인이 기울어짐,kosha,equipment_rule,mandatory,,,,,,,,,,low,
S0239,● 운반물을 인양한 크레인을 인력으로 이동 시에는 바닥 충격이 최소화 하도록 운반 경로를 사전에,kosha,equipment_rule,mandatory,,lifting_operation,,,,,,,,low,
S0240,● 무리하게 단독으로 사용을 금지한다.,kosha,prohibition,prohibited,,,,,,,,,,low,
S0241,보안경을 착용하지 않은 상태에서 작업 중 칩이 작업자의 눈으로 튐,kosha,ppe_rule,mandatory,wear,,,,,ppe_control,ctrl_ppe_wear,보호구 착용,Y,medium,
S0242,- 드릴날을 장착할 때는 드릴날과 척 또는 소켓의 장착면이 정확히 접촉되도록 주의하여 장착,kosha,condition_trigger,informative,,,,,,,,,,low,
S0243,칩의 비산 및 접촉을 방지하기 위하여 방호가드를 설치하여야 하나 이를 설치하지 않은 상태로 작업,kosha,equipment_rule,mandatory,install,,,,,engineering_control,ctrl_guard_installation,방호장치 설치,Y,medium,
S0244,"● 작업자는 복장을 단정히 하고 안전모, 보안경, 귀마개 등 보호구를 착용한다.",kosha,ppe_rule,mandatory,wear,,,,,ppe_control,ctrl_ppe_wear,보호구 착용,Y,high,
S0245,● 비상정지스위치는 정상적으로 작동하는지 작업 전 확인해야 한다.,kosha,requirement,mandatory,,,,,,,,,,low,
S0246,● 가공물은 견고히 고정하고 작업해야 한다.,kosha,requirement,mandatory,,,,,,,,,,low,
S0247,● 케이블(전선)의 피복에 손상된 부분은 없는지 확인해야 한다.,kosha,requirement,mandatory,,,,,,,,,,low,
S0248,● 본체외함에 접지선이 탈락되어 있는지 확인해야 한다.,kosha,requirement,mandatory,,,,,,engineering_control,ctrl_electrical_isolation,충전전로 정전·접지,Y,medium,
S0249,● 작업장 주변은 수시로 정리 정돈해야 한다.,kosha,requirement,mandatory,,,,,,,,,,low,
S0250,- 제430조 (전체 환기장치의 성능 등),kosha,equipment_rule,mandatory,ventilate,,,,,engineering_control,ctrl_local_ventilation_install,국소배기장치 설치·운전,Y,medium,
S0251,● 근로자에 대한 안전교육 실시,kosha,education_rule,mandatory,train,,,,,training_control,ctrl_safety_training_general,정기 안전보건교육,Y,medium,
S0252,● 발스위치는 안전덮개가 설치된 형태의 것을 사용해야 한다.,kosha,requirement,mandatory,install,,,,,engineering_control,ctrl_guard_installation,방호장치 설치,Y,medium,
S0253,● 누름버튼스위치를 사용 시 돌출형이 아닌 매입형태의 것을 사용해야 한다.,kosha,requirement,mandatory,,,,,,,,,,low,
S0254,● 각종 전기케이블의 절연상태는 양호한지 주기적으로 확인해야 한다.,kosha,inspection_rule,mandatory,,,,,,,,,,low,
S0255,● 동파이프와 밴딩기 사이에 협착의 위험은 없는지 확인해야 한다.,kosha,requirement,mandatory,,,,,,,,,,low,
S0256,● 비상정지버튼장치를 설치 및 정상 작동되는지 확인해야 한다.,kosha,requirement,mandatory,install,,,,,,,,,low,
S0257,● 본체외함에 접지선은 연결되어 있는지 확인해야 한다.,kosha,requirement,mandatory,,,,,,engineering_control,ctrl_electrical_isolation,충전전로 정전·접지,Y,medium,
S0258,● 작고 폭이 좁은 소재는 수공구를 사용해야 한다.,kosha,requirement,mandatory,,,,,,,,,,low,
S0259,● 몰드 등 중량물의 소재 취급 시 운반기계를 사용해야 한다,kosha,requirement,mandatory,,,,,,,,,,low,
S0260,● 주변 정리정돈은 되어 있는지 수시로 확인해야 한다.,kosha,requirement,mandatory,,,,,,housekeeping_control,ctrl_housekeeping_cleanup,정리·정돈·청소,Y,medium,
S0261,● 작업자는 안전화를 착용하고 있는지 확인해야 한다.,kosha,ppe_rule,mandatory,wear,,,,,ppe_control,ctrl_ppe_wear,보호구 착용,Y,medium,
S0262,● 몰드 교체 시 전원을 차단하고 작업을 실시해야 한다.,kosha,requirement,mandatory,isolate,,,,,,,,,low,
S0263,● 자동 연동식 방호장치 설치,kosha,equipment_rule,mandatory,install,,,,,engineering_control,ctrl_guard_installation,방호장치 설치,Y,medium,
S0264,축대가 회전하기 전에 방호장치가 먼저,kosha,equipment_rule,mandatory,,,,,,engineering_control,ctrl_guard_installation,방호장치 설치,Y,medium,
S0265,- 방호장치 상·하 조절손잡이 조작은 수동,kosha,equipment_rule,mandatory,,,,,,engineering_control,ctrl_guard_installation,방호장치 설치,Y,medium,
S0266,● 모든 방호장치는 제자리에 위치하도록 한다.,kosha,equipment_rule,mandatory,,,,,,engineering_control,ctrl_guard_installation,방호장치 설치,Y,medium,
S0267,"● 가공 중에는 얼굴을 기계 가까이 대지 않도록 하고, 보안경을 착용한다.",kosha,ppe_rule,mandatory,wear,,,,,ppe_control,ctrl_ppe_wear,보호구 착용,Y,medium,
S0268,● 커터를 교환할 때는 반드시 테이블 위에 목재를 받쳐 놓고 한다.,kosha,condition_trigger,informative,,,,,,,,,,low,
S0269,● 강력절삭을 할 때는 일감을 바이스에 깊게 물린다.,kosha,condition_trigger,informative,,,,,,,,,,low,
S0270,● 고용노동부고시 제2009-53호 공작기계 안전기준 일반에 관한 기술상의 지침,kosha,legal_reference,informative,,,,,,,,,,low,
S0271,"● 연마작업 시 보호구(보안경, 귀마개, 방진마스크)를 착용",kosha,ppe_rule,mandatory,wear,,,,,ppe_control,ctrl_ppe_wear,보호구 착용,Y,high,
S0272,● 해당 전동공구에 적합한 연마석을 사용해야 한다.,kosha,requirement,mandatory,,,,,,,,,,low,
S0273,● 손상된 연마공구를 사용하지 말고 1분간 최고속도로 작동해야 한다.,kosha,requirement,mandatory,,,,,,,,,,low,
S0274,"● 작업자는 보호 장비(방진마스크, 귀마개, 보안경)를 착용해야한다",kosha,ppe_rule,mandatory,wear,,,,,ppe_control,ctrl_ppe_wear,보호구 착용,Y,high,
S0275,고속작동 시 반동력이나 반작용모멘트를 최대로 제어하기 위해 항상 보조손잡이를 사용해야 한다.,kosha,requirement,mandatory,,,,,,,,,,low,
S0276,● 전선을 잡고 공구를 들지 말고 플러그를 콘센트로부터 분리할 때 전선을 당기지 않도록 관리한다.,kosha,condition_trigger,informative,,,,,,,,,,low,
S0277,● 공구키가 꼽혀있는지 확인하고 시운전해야 한다.,kosha,requirement,mandatory,,,,,,,,,,low,
S0278,● 사용 전 접지선이 연결되어 있는지를 확인하여야한다,kosha,inspection_rule,mandatory,,,,,,engineering_control,ctrl_electrical_isolation,충전전로 정전·접지,Y,medium,
S0279,중량물을 크레인으로 운반 및 장착 시 손가락 협착 위험,kosha,equipment_rule,mandatory,,,,,,,,,,low,
S0280,"시 주요기능의 작동을 정지시키고, 작업을 실시하여야 함",kosha,requirement,mandatory,,,,,,,,,,low,
S0281,"● 작업 중에는 반드시 보안경과 안전화, 마스크 등 보호구를 착용한다.",kosha,ppe_rule,mandatory,wear,,,,,ppe_control,ctrl_ppe_wear,보호구 착용,Y,high,
S0282,● 비상정지버튼은 정상적으로 작동하는지 확인해야 한다.,kosha,requirement,mandatory,,,,,,,,,,low,
S0283,● 보링바이트는 견고하게 부착되었는지 확인하고 작업해야 한다.,kosha,requirement,mandatory,,,,,,,,,,low,
S0284,● 용도에 맞는 보링바이트를 사용해야 한다.,kosha,requirement,mandatory,,,,,,,,,,low,
S0285,● 보링바이트는 균열 등의 손상이 없는지 확인하고 사용해야 한다.,kosha,requirement,mandatory,,,,,,,,,,low,
S0286,"● 본체 외함에는 접지를 해야 하며, 탈락여부를 수시로 확인해야 한다.",kosha,requirement,mandatory,,,,,,engineering_control,ctrl_electrical_isolation,충전전로 정전·접지,Y,medium,
S0287,● 보링바이트의 교체 및 칩 제거 작업 시 전원을 차단하고 작업해야 한다.,kosha,requirement,mandatory,isolate,,,,,,,,,low,
S0288,● 작업 시 보링바이트에 작업복이 말려들지 않도록 소매를 단정히 해야 한다.,kosha,requirement,mandatory,,,,,,,,,,low,
S0289,● 작업장 주변의 정리정돈 상태를 수시로 확인해야 한다.,kosha,requirement,mandatory,,,,,,housekeeping_control,ctrl_housekeeping_cleanup,정리·정돈·청소,Y,medium,
S0290,"- 보안경, 마스크, 안전장갑 등 개인보호구 착용 후 작업 실시",kosha,ppe_rule,mandatory,wear,,,,,ppe_control,ctrl_ppe_wear,보호구 착용,Y,high,
S0291,- 인화성 물질을 담았던 용기를 사용하고자 절단작업을 할 때는 용기내부의 물질을 완전히 배출하여야 함,kosha,condition_trigger,informative,,,,,,,,,,low,
S0292,● 호스밴드 및 호스클립의 체결상태는 비눗물 등을 사용하여 수시로 확인해야 한다.,kosha,requirement,mandatory,,,,,,,,,,low,
S0293,● 작업 시 불받이포를 사용해야 한다.,kosha,requirement,mandatory,,,,,,,,,,low,
S0294,● 작업장 주변에 인화성ㆍ가연성 물질을 사용하는지 확인하고 제거한 후 사용해야 한다.,kosha,requirement,mandatory,clean,,,,,,,,,low,
S0295,● 가스조절 밸브는 서서히 조작해야 한다.,kosha,requirement,mandatory,,,,,,,,,,low,
S0296,● 작업 장소 주변에 소화기 등을 비치하여야 한다.,kosha,document_rule,mandatory,provide,,,,,emergency_control,ctrl_fire_extinguisher_setup,소화설비 비치,Y,medium,
S0297,● 고압용기의 넘어짐 방지조치를 해야 한다,kosha,requirement,mandatory,,,,,,,,,,low,
S0298,● 작업자는 보안면 및 방진마스크를 착용하고 작업해야 한다.,kosha,ppe_rule,mandatory,wear,,,,,ppe_control,ctrl_ppe_wear,보호구 착용,Y,medium,
S0299,● 환기상태가 충분한 장소에 보관하여야 하며 옥외에서 사용 시 직사광선을 피하여야 한다.,kosha,requirement,mandatory,ventilate,,,,,,,,,low,
S0300,"● 작업 전 취관 및 호스, 감압밸브를 점검하여야 한다.",kosha,inspection_rule,mandatory,inspect,,,,,,,,,low,
S0301,물을 채우는 등 안전조치 후 작업해야 한다.,kosha,requirement,mandatory,,,,,,,,,,low,
S0302,- 비산된 불꽃에 눈 부상 방지를 위하여 작업 시 상시 보안경 착용 후 작업 실시,kosha,ppe_rule,mandatory,wear,,,,,ppe_control,ctrl_ppe_wear,보호구 착용,Y,medium,
S0303,"● 보수나 점검, 교환 등을 하고자 할 때는 반드시 전원 OFF 상태에서 행한다.",kosha,condition_trigger,informative,inspect,,,,,,,,,low,
S0304,● 작업 중에는 반드시 보안경과 마스크 등 보호구를 착용한다.,kosha,ppe_rule,mandatory,wear,,,,,ppe_control,ctrl_ppe_wear,보호구 착용,Y,high,
S0305,● 작업자는 용접용 방진마스크를 착용하고 작업한다.,kosha,ppe_rule,mandatory,wear,hot_work,,,,ppe_control,ctrl_ppe_wear,보호구 착용,Y,medium,
S0306,- 제93조 (방호장치의 해체금지),kosha,equipment_rule,mandatory,,,,,,engineering_control,ctrl_guard_installation,방호장치 설치,Y,medium,
S0307,● 작업에 적합한 보호구를 지급하고 착용하여야 한다.,kosha,ppe_rule,mandatory,wear,,,,,ppe_control,ctrl_ppe_provision,보호구 지급·관리,Y,medium,
S0308,● 작업자에 대하여 특별안전작업 교육을 실시한다.,kosha,education_rule,mandatory,train,,,,,training_control,ctrl_safety_training_general,정기 안전보건교육,Y,medium,
S0309,● 광전자식 방호장치 설치,kosha,equipment_rule,mandatory,install,,,,,engineering_control,ctrl_guard_installation,방호장치 설치,Y,medium,
S0310,● 광전자식 안전장치 방호장치 설치,kosha,equipment_rule,mandatory,install,,,,,engineering_control,ctrl_guard_installation,방호장치 설치,Y,medium,
S0311,● 광전자식안전장치 방호장치 미설치,kosha,equipment_rule,mandatory,install,,,,,engineering_control,ctrl_guard_installation,방호장치 설치,Y,medium,
S0312,"● 미동조작/양수조작식 안전장치가 부착되어 있으며, 정상 작동되는지 작업 전 확인해야 한다.",kosha,requirement,mandatory,,,,,,,,,,low,
S0313,● 비상정지스위치가 정상 작동되는지 작업 전 확인해야 한다.,kosha,requirement,mandatory,,,,,,,,,,low,
S0314,● 전단기 외함에 접지가 되어 있는지 확인해야 한다.,kosha,requirement,mandatory,,,,,,engineering_control,ctrl_electrical_isolation,충전전로 정전·접지,Y,medium,
S0315,● 페달 스위치 상부에 안전덮개가 부착된 것을 사용하는지 확인해야 한다.,kosha,requirement,mandatory,,,,,,engineering_control,ctrl_guard_installation,방호장치 설치,Y,medium,
S0316,● 2인 1조 공동 작업 시 연락신호를 정확하게 한 다음 작업하는지 확인해야 한다.,kosha,requirement,mandatory,,,,,,,,,,low,
S0317,● 작고 폭이 좁은 소재는 반드시 수공구를 사용해야 한다.,kosha,requirement,mandatory,,,,,,,,,,low,
S0318,● 철판이나 절단된 철판을 지게차로 운반할 때는 철판의 낙하를 방지하고 주위 작업 근로자와 충돌,kosha,condition_trigger,informative,,,,,,,,,,low,
S0319,"● 설치된 방호장치의 작동상태 점검은 작업 전 반드시 확인하고, 기능제거 상태에서 전단기를 사용",kosha,equipment_rule,mandatory,install,,,,,engineering_control,ctrl_guard_installation,방호장치 설치,Y,medium,
S0320,"● 안전화, 귀마개, 지정작업복 등 보호 장구를 착용한다.",kosha,ppe_rule,mandatory,wear,,,,,ppe_control,ctrl_ppe_wear,보호구 착용,Y,high,
S0321,● 슬라이드 부분의 급유는 적당히 공급해야 한다.,kosha,requirement,mandatory,,,,,,,,,,low,
S0322,"● 고용노동부 고시 제93-41호 제2000-16호 위험기계·기구 방호장치, 성능검정 기준",kosha,equipment_rule,mandatory,,,,,,engineering_control,ctrl_guard_installation,방호장치 설치,Y,medium,
S0323,금속가공업- 12- 2010,kosha,descriptive_noise,informative,,,,,,,,,,low,
S0324,※ 본자료는공단홈페이지(www.kosha.or.kr)의업종별웹사이트에서확인하실수있습니다.,kosha,descriptive_noise,informative,,,,,,,,,,low,
S0325,"※ 스카핑: 가스토오치로모저재의일부분을용해, 절단, 홈(groove)을빼는작업",kosha,descriptive_noise,informative,,,,,,,,,,low,
S0326,스카핑소재운반시는낙하로인한사고예방을위해운반경로하부에작업자의접근을통제하고,kosha,descriptive_noise,informative,,,,,,,,,,low,
S0327,소재적치시실족예방을위해일정간격을유지해야합니다.,kosha,descriptive_noise,informative,maintain,,,,,,,,,low,
S0328,가스호스연결부및호스상태를수시점검합니다.,kosha,descriptive_noise,informative,inspect,,,,,,,,,low,
S0329,작업장내가스호스를정리하고작업장이탈시는반드시토오치를소화해야합니다.,kosha,descriptive_noise,informative,,,,,,,,,,low,
S0330,소재운반경로하부에작업자접근통제조치(표지판설치),kosha,descriptive_noise,informative,install,,,,,,,,,low,
S0331,물엿제조- 건조기내부케이크제거작업,kosha,descriptive_noise,informative,clean,,,,,,,,,low,
S0332,식료품제조업-116-2010,kosha,descriptive_noise,informative,,,,,,,,,,low,
S0333,이물질을제거할때에는반드시전용의수공구를사용합니다.,kosha,descriptive_noise,informative,clean,,,,,,,,,low,
S0334,▶글루텐케익을칼날을이용하여분리·제거하는작업,kosha,descriptive_noise,informative,clean,,,,,,,,,low,
S0335,건조기이물질제거작업시베임위험,kosha,descriptive_noise,informative,clean,,,,,,,,,low,
S0336,이물질제거작업시베임재해예방을위해,kosha,descriptive_noise,informative,clean,,,,,,,,,low,
S0337,식료품제조업-178-2010,kosha,descriptive_noise,informative,,,,,,,,,,low,
S0338,금속가공업- 40- 2010,kosha,descriptive_noise,informative,,,,,,,,,,low,
S0339,핏트내로DISH 이동후작업자를투입하고DISH와정반사이에발이끼이지않는위치에서,kosha,descriptive_noise,informative,,,,,,,,,,low,
S0340,DISH 안치시벽측에서작업해서는안되며DISH 핏트내이동시추락예방을위해DISH에,kosha,descriptive_noise,informative,,,,,,,,,,low,
S0341,"「산업안전보건법 시행규칙」 제4조제1항에서는 사업주가 고용노동부장관에게 보고하여야 하는 산업재해의 하나로서 “3일 이상”의 휴업이 필요한 부상을 입거나 질병에 걸린 사람이 발생한 경우를 규정하고 있는바,",expc,document_rule,mandatory,report,,,,,document_control,ctrl_incident_report,재해·사고 보고,Y,medium,
S0342,"「산업안전보건법」 제10조제2항에 따르면 사업주는 같은 조 제1항에 따라 기록한 산업재해 중 고용노동부령으로 정하는 산업재해에 대하여는 그 발생 개요·원인 및 보고 시기, 재발방지 계획 등을 고용노동부령으로 정하는 바에 따라 고용노동부장관에게 보고하여야 하고, 그 위임을 받아 같은 법 시행규칙 제4조제1항에서는 사업주는 산업재해로 사망자가 발생하거나 3일 이상의 휴업이 필요한 부상을 입거나 질병에 걸린 사람이 발생한 경우에는 해당 산업재해가 발생한 날부터 1개월 이내에 산업재해조사표를 작성하여 지방고용노동관서의 장에게 제출(전자문서에 의한 제출을 포함함)하도록 규정하였는바,",expc,document_rule,mandatory,prepare,,,,,document_control,ctrl_incident_report,재해·사고 보고,Y,medium,
S0343,"살피건대, 「산업안전보건법 시행규칙」 제4조제1항에서 규정하고 있는 “3일 이상의 휴업”이란 산업재해 발생 시 보고대상이 되는 부상이나 질병의 경중(輕重)을 판단하는 기준으로서, 사망자가 발생한 산업재해 등 비교적 중한 산업재해를 보고대상으로 하려는 것으로 보이고, 3일 이상의 휴업이 필요한 부상이나 질병은 부상이나 질병에서 완치되는 기간이라기보다 3일 이상의 기간 동안은 업무에 종사시켜서는 안 되고 휴업이 요구되는 부상이나",expc,definition,informative,report,incident_emergency,,,,,,,,low,
S0344,"법률 제11882호로 같은 법을 개정하면서 요양급여나 유족급여 또는 진폐유족연금을 신청한 경우 산업재해 발생보고를 면제하도록 하는 같은 법 제10조제2항 단서를 삭제하는 한편, 2014.",expc,legal_reference,informative,report,incident_emergency,,,,,,,,low,
S0345,"「산업안전보건법」 제161조제1항에서 고용노동부장관은 사업주가 같은 법 제58조제1항에 따라 근로자의 안전 및 보건에 유해하거나 위험한 작업을 도급하여 작업하지 못하도록 하는 의무(이하 “유해작업 도급금지 의무”라 함) 등을 위반한 경우에는 10억원 이하의 과징금을 부과·징수할 수 있다고 규정하고 있는바, 가.",expc,legal_reference,informative,,,,,,,,,,low,
S0346,"먼저 「산업안전보건법」 제2조제4호에서는 “사업주”란 “근로자를 사용하여 사업을 하는 자”를 말한다고만 규정하여 사업주에 국가기관이 포함되는지에 대해서는 명확히 규정하고 있지 않고, 같은 법 제161조제1항에서는 사업주가 ‘같은 법 제58조제1항을 위반하여 도급한 경우’(제1호) 등에 해당하는 경우 과징금을 부과·징수할 수 있다고 규정하고 있어, 국가기관에 과징금을 부과할 수 있는지에 대한 명시적인 규정을 두고 있지 않습니다.",expc,legal_reference,informative,,,,,,,,,,low,
S0347,"그런데 법령등에 따른 의무를 위반한 자에 대하여 그 위반행위에 대한 제재로서 행정청이 부과하는 금전적 제재인 과징금2)2) 「행정기본법」 제28조 참조과 관련하여, 국가가 과징금 부과·징수의 주체인 경우 그 자신을 상대로 과징금 부과권을 행사하는 것은 모순되는 점3)3) 부산지방법원 2021.",expc,condition_trigger,informative,,,,,,,,,,low,
S0348,회신 25-0765 해석례 참조도 이 사안을 해석할 때 고려할 필요가 있습니다.,expc,condition_trigger,informative,,,,,,,,,,low,
S0349,"먼저 「산업안전보건법」 제2조제4호에서는 “사업주”란 “근로자를 사용하여 사업을 하는 자”를 말한다고만 규정하여 사업주에 지방자치단체가 포함되는지에 대해서는 명확히 규정하고 있지 않고, 같은 법 제161조제1항에서는 사업주가 ‘같은 법 제58조제1항을 위반하여 도급한 경우’(제1호) 등에 해당하는 경우 과징금을 부과·징수할 수 있다고 규정하고 있어, 지방자치단체에 과징금을 부과할 수 있는지에 대한 명시적인 규정을 두고 있지 않습니다.",expc,legal_reference,informative,,,,,,,,,,low,
S0350,제60조를 위반하여 승인을 받아 도급받은 작업을 재하도급한 경우 ② 고용노동부장관은 제1항에 따른 과징금을 부과하는 경우에는 다음 각 호의 사항을 고려하여야 한다.,expc,requirement,mandatory,,,,,,,,,,low,
S0351,"「산업안전보건법」 제43조의2제1항에서는 고용노동부장관은 직업성 질환의 진단 및 예방, 발생 원인의 규명을 위하여 필요하다고 인정할 때에는 근로자의 질병과 작업장의 유해요인의 상관관계에 관한 직업성 질환 역학조사를 할 수 있다고 규정하고 있고, 같은 법 시행규칙 제107조의2제3항에서는 공단은 사업주 또는 근로자대표의 요구가 있는 경우에는 해당 역학조사에 사업주 또는 근로자대표를 참석시켜야 한다고 규정하고 있는바,",expc,condition_trigger,informative,,,,,,,,,,low,
S0352,「산업안전보건법 시행규칙」 제107조의2제3항 규정 중 “근로자대표”에는 같은 법 제2조제4호에 따른 “근로자대표”에 해당하지 않는 산재신청인 및 그 대리인이 포함되지 않습니다.,expc,legal_reference,informative,,,,,,,,,,low,
S0353,"그리고, 「산업안전보건법」 제43조의2제1항에서는 고용노동부장관은 직업성 질환의 진단 및 예방, 발생 원인의 규명을 위하여 필요하다고 인정할 때에는 근로자의 질병과 작업장의 유해요인의 상관관계에 관한 직업성 질환 역학조사[이하 “역학조사(疫學調査)”라 한다]를 할 수 있다고 규정하고 있고, 같은 법 시행규칙 제107조의2제3항에서는 한국산업안전보건공단은 사업주 또는 근로자대표의 요구가 있는 경우에는 해당 역학조사에 사업주 또는 근로자대표를 참석시켜야 한다고 규정하고 있는바,",expc,definition,informative,,,,,,,,,,low,
S0354,"먼저, 법률의 문언을 해석할 때에는 그 문언의 통상적인 의미에 충실하게 해석함을 원칙으로 하고, 그 문언 자체가 비교적 명확한 개념으로 구성되어 있다면 원칙적으로 더 이상 다른 해석방법은 활용할 필요가 없거나 제한될 수밖에 없는바(대법원 2009.",expc,condition_trigger,informative,,,,,,,,,,low,
S0355,"선고 2006다81035 판결례 참조), 「산업안전보건법」 제2조에서는 “근로자”(제2호)와 “근로자대표”(제4호)를 구분하여 각각 달리 정의하고 있고, 같은 법 시행규칙 제107조의2제3항에서는 해당 역학조사에 참석시켜야 하는 대상을 “근로자대표”라고만 규정하고 있을 뿐 그 의미에 관하여 별도로 정하고 있는 바가 없으므로, 동 규정에 따른 “근로자대표”란 같은 법 제2조제4호의 정의규정에 따라 해석하여야 할 것입니다.",expc,legal_reference,informative,,,,,,,,,,low,
S0356,"그렇다면, 「산업안전보건법 시행규칙」 제107조의2제3항에 따른 “근로자대표”란, 해당 사업장의 노동조합 규약이나 총회 의결 등에 따라 “근로자대표”로부터 산재신청인이 해당 역학조사에 참석할 수 있도록 적법한 권한의 위임이나 대리 등을 받을 수 있는지 등은 별론으로 하고, 해당 사업장의 근로자가 산재신청인 1인 뿐이거나 해당 사업장의 노동조합 위원장이 산재신청인인 경우 등 예외적으로 같은 법 제2조제4호에 따른 “근로자대표”에 산재신청인이 해당하지 않는 이상, 산재신청인 및 그 대리인이라고 하더라도 그것만으로는 같은 시행규칙 제107조의2제3항 규정의 “근로자대표”에 포함되지 않는다는 점이 문언 상 명백하다고 할 것입니다.",expc,legal_reference,informative,,,,,,,,,,low,
S0357,"따라서, 「산업안전보건법 시행규칙」 제107조의2제3항 규정 중 “근로자대표”에는 같은 법 제2조제4호에 따른 “근로자대표”에 해당하지 않는 산재신청인 및 그 대리인이 포함되지 않는다고 할 것입니다.",expc,legal_reference,informative,,,,,,,,,,low,
S0358,○ 「산업안전보건법」 제37조제1항은 누구든지 근로자의 보건에 특히 해롭다고 인정되는 물질 등으로 대통령령이 정하는 물질을 제조·수입·양도·제공 또는 사용하여서는 아니된다고 규정하고 있습니다.,expc,prohibition,prohibited,,,,,,,,,,low,
S0359,"보건법」 제3조(적용범위)제1항이 이 법은 모든 사업 또는 사업장(이하 ""사업""이라 한다)에 적용한다고 규정하고 있으나, 이 조항은 의무의 주체를 규정하고 있는 것이 아니라 이 법의 적용대상이 되는 사업의 규모를 규정한 것입니다.",expc,definition,informative,,,,,,,,,,low,
S0360,"○ 「근로기준법」도 제10조(적용범위)제1항에서 이 법은 상시 5인 이상의 근로자를 사용하는 모든 사업 또는 사업장에 적용한다고 규정하고도 동법 제8조(중간착취의 배제)는 누구든지 법률에 의하지 아니하고는 영리로 타인의 취업에 개입하거나 중간인으로서 이익을 취득하지 못한다고 하고 있고, 동법 제39조(취업방해의 금지)는 누구든지 근로자의 취업을 방해할 목적으로 비밀기호 또는 명부를 작성·사용하거나 통신을 하여서는 아니 된다고 규정하고 있습니다.",expc,prohibition,prohibited,prepare,,,,,,,,,low,
S0361,"가 발생했을 때에는 즉시 해당 작업을 중지시키고 근로자를 작업장소에서 대피시키는 등 안전 및 보건에 관하여 필요한 조치를 해야 한다고 규정하고 있는 한편,",expc,requirement,mandatory,,,,,,emergency_control,ctrl_emergency_evacuation,비상 대피체계 수립,Y,medium,
S0362,에 관한 업무4)4) 「산업안전보건법」 제3조 단서에 따라 같은 법 제54조제1항의 적용이 배제되는 사업에 해당하지 않는 경우를 전제함.,expc,legal_reference,informative,,,,,,,,,,low,
S0363,"「산업안전보건법」 제54조제1항에서는 “사업주”는 중대재해가 발생했을 때 안전 및 보건에 관하여 필요한 조치를 해야 한다고 규정하고 있고, 같은 법 제2조제4호에서는 사업주를 “근로자를 사용하여 사업을 하는 자”로 정의하고 있는 한편, 산학협력단은 산학협력법 제25조제1항에 따라 산학연협력에 관한 업무를 관장하기 위해 ‘대학에 두는’ 조직으로서, 같은 조 제2항에서는 “산학협력단은 법인으로 한다”고 규정하고, 같은 법 제28조제3항에서는 산학협력단의 단장은 해당 대학의 장의 지도·감독을 받아 그 소관 업무를 총괄한다고 규정하고 있는바,",expc,legal_reference,informative,,,,,,,,,,low,
S0364,"을 두는 경우 학교기업의 수입은 산학협력단의 회계수입으로 하며(제36조제2항제2호), 산학협력단 소관의 모든 수입과 지출은 산학협력단의 회계에 계상(計上)해야 하고(같은 법 시행령 제24조제1항), 산학협력단의 단장은 산학협력단의 수입과 지출에 관한 사무를 관장하도록 한 점(같은 법 시행령 제25조제1항) 등에 비추어 보면, 산학협력단은 사업경영에 따른 이익과 손해의 귀속주체로서 대학과는 별개로 수입과 지출 등 회계를 스스로 관리하고 그 책임을 진다는 점도 이 사안을 해석할 때 고려할 필요가 있습니다.",expc,condition_trigger,informative,,,,,,,,,,low,
S0365,“산업재해”란 노무를 제공하는 사람이 업무에 관계되는 건설물·설비·원재료·가스·증기·분진 등에 의하거나 작업 또는 그 밖의 업무로 인하여 사망 또는 부상하거나 질병에 걸리는 것을 말한다.,expc,definition,informative,,,,,,,,,,low,
S0366,제54조(중대재해 발생 시 사업주의 조치) ① 사업주는 중대재해가 발생하였을 때에는 즉시 해당 작업을 중지시키고 근로자를 작업장소에서 대피시키는 등 안전 및 보건에 관하여 필요한 조치를 하여야 한다.,expc,requirement,mandatory,,incident_emergency,,,,emergency_control,ctrl_emergency_evacuation,비상 대피체계 수립,Y,medium,
S0367,제25조 (산학협력단의 설립·운영) ① 대학은 학교규칙으로 정하는 바에 따라 대학에 산학연협력에 관한 업무를 관장하는 조직(이하 “산학협력단”이라 한다)을 둘 수 있다.,expc,definition,informative,,,,,,,,,,low,
S0368,「고등교육법」 제2조제1호에 따른 대학에서 물리학 관련 학위를 취득한 사람이 「산업안전보건법 시행령」 별표 27 제1호나목1)에서 석면조사기관의 인력기준으로 정한 “「초ㆍ중등교육법」에 따른 공업계 고등학교 또는 이와 같은 수준 이상의 학교를 졸업한 사람”에 해당하는지?,expc,legal_reference,informative,train,,,,,,,,,low,
S0369,「고등교육법」 제2조제1호에 따른 대학에서 물리학 관련 학위를 취득한 사람은 「산업안전보건법 시행령」 별표 27 제1호나목1)의 인력기준에 해당하지 않습니다.,expc,legal_reference,informative,train,,,,,,,,,low,
S0370,"「산업안전보건법」 제119조제2항에서는 일정 규모 이상의 건축물이나 설비에 대해 같은 법 제120조에 따라 지정받은 석면조사기관에서 석면 포함 여부 및 석면의 종류&#8228;함유량 등에 대해 조사하도록 규정하고 있는바, 이는 건축물 또는 설비에 함유된 석면은 육안으로 판단하기 어렵고 석면조사의 신뢰성ㆍ객관성을 확보할 필요가 있다는 점을 고려하여 전문기관으로 하여금 석면조사를 수행하도록 한 것이므로,1)1) 2008.",expc,legal_reference,informative,,,,,,,,,,low,
S0371,석면조사기관으로 지정받기 위한 요건을 정한 「산업안전보건법 시행령」 별표 27 제1호의 인력기준은 석면조사 업무의 전문적 수행에 적합한 사람이 확보될 수 있는 방향으로 해석해야 합니다.,expc,legal_reference,informative,,,,,,,,,,low,
S0372,"「산업안전보건법 시행령」 별표 27 제1호나목1)에서는 석면조사기관의 인력기준의 하나로 “「초ㆍ중등교육법」에 따른 공업계 고등학교 또는 이와 같은 수준 이상의 학교를 졸업한 사람”을 규정하여 “공업계 고등학교”라고 분야를 특정하고 있는바, 이는 공업계 고등학교에서 특화된 분야의 교육과정을 통해 습득하게 되는 공업계열의 지식ㆍ기능이 석면조사 업무에 필요하다는 입법정책적 판단에 따라 “공업계”로 한정하여 인력기준을 정한 것이므로, 「고등교육법」 제2조제1호에 따른 대학이 고등학교 수준 이상의 학교에 해당하더라도 대학에서 학위를 취득한 사람은 “공업계”에 해당하는 관련 학위를 취득한 사람으로 한정하는 것이 입법취지에 부합하는 해석입니다.",expc,legal_reference,informative,train,,,,,,,,,low,
S0373,"그런데 「대학설립ㆍ운영 규정」 별표 1에서 정한 대학의 계열별 구분에 따르면 공학 등이 포함되는 “공학계열”과 물리학이 포함된 이학(理學) 등 “자연과학계열”은 별도의 계열로 구분되고, 「초ㆍ중등교육법」 제90조제1항제10호 및 제91조제1항에 따라 지정ㆍ고시된 산업수요 맞춤형 고등학교 및 특성화고등학교에서 실시하는 공업계열 고등학교 교육과정의 과목 및 학과에는 물리학 및 물리학과가 포함되어 있지 않다는 점에 비추어 보면, 대학에서 물리학 관련 학위를 취득한 것을 공업계 고등학교 수준 이상의 학교를 졸업한 것으로 보는 것은 타당하지 않습니다.",expc,legal_reference,informative,train,,,,,,,,,low,
S0374,"만약 이와 달리 대학에서 물리학 관련 학위를 받은 사람이 「산업안전보건법 시행령」 별표 27 제1호나목1)의 인력기준에 해당한다고 볼 경우, 같은 목 2)에서 대학 또는 이와 같은 수준 이상의 학교에서 학위를 취득한 사람을 별도의 인력기준으로 정하면서 해당 학위를 산업보건(위생)학ㆍ환경보건(위생)학 관련으로 한정한 규정이 사실상 무의미하게 된다는 점도 고려해야 합니다.",expc,legal_reference,informative,,,,,,,,,,low,
S0375,따라서 「고등교육법」 제2조제1호에 따른 대학에서 공업계열의 학위에 해당하지 않는 물리학 관련 학위를 취득한 사람은 「산업안전보건법 시행령」 별표 27 제1호나목1)의 인력기준에 해당한다고 볼 수 없습니다.,expc,legal_reference,informative,train,,,,,,,,,low,
S0376,「산업안전보건법 시행령」 별표 27 제1호나목1)의 “이와 같은 수준 이상의 학교를 졸업한 사람”의 범위에 대학 등에서 어떤 분야의 학위를 취득한 사람까지 해당하는지를 보다 명확히 규정할 필요가 있습니다.,expc,legal_reference,informative,,,,,,,,,,low,
S0377,제90조(석면조사기관의 지정 요건 등) 법 제120조제1항에 따라 석면조사기관으로 지정받을 수 있는 자는 다음 각 호의 어느 하나에 해당하는 자로서 별표 27에 따른 인력ㆍ시설 및 장비를 갖추고 법 제120조제2항에 따라 고용노동부장관이 실시하는 석면조사기관의 석면조사 능력 확인에서 적합 판정을 받은 자로 한다.,expc,legal_reference,informative,,,,,,,,,,low,
S0378,"「산업안전보건법」 제130조제1항 본문 및 같은 법 시행규칙 별표 22 제3호다목에 따르면 사업주1)1) 근로자를 사용하여 사업하는 자를 말하며(「산업안전보건법」 제2조제4호 참조), 이하 같음",expc,legal_reference,informative,,,,,,,,,,low,
S0379,"는 ‘「산업안전보건기준에 관한 규칙」 제573조제1호의 방사선에 노출되는 업무에 종사하는 근로자’의 건강관리를 위하여 건강진단(이하 “특수건강진단”이라 함)을 실시하여야 한다고 규정하고 있고, 「산업안전보건법」 제130조제1항 단서 및 같은 법 시행규칙 제200조제1호에서는 사업주가 ‘「원자력안전법」에 따른 건강진단(방사선만 해당한다)’을 실시한 경우 해당 유해인자에 대한 특수건강진단을 실시한 것으로 본다고 규정하고 있는 한편,",expc,requirement,mandatory,,,,,,health_control,ctrl_special_health_check,특수건강진단,Y,medium,
S0380,"에 대하여 건강진단을 실시하여야 한다고 규정하고 있는바,",expc,requirement,mandatory,,,,,,,,,,low,
S0381,사업주인 신고사용자가 방사선에 노출되는 업무에 종사하는 근로자에 대해 「원자력안전법」 제91조제1항에 따라 건강진단 실시 의무가 면제되어 건강진단을 실시하지 않았다면 「산업안전보건법」 제130조제1항에 따른 특수건강진단을 실시하여야 하는지?,expc,requirement,mandatory,report,,,,,health_control,ctrl_special_health_check,특수건강진단,Y,medium,
S0382,"먼저 「산업안전보건법」 제130조제1항 본문 및 같은 법 시행규칙 별표 22 제3호다목에서는 원칙적으로 사업주가 방사선에 노출되는 업무에 종사하는 근로자에 대해 특수건강진단을 실시하도록 의무를 부과하면서, 같은 법 제130조제1항 단서 및 같은 법 시행규칙 제200조제1호에서는 ‘「원자력안전법」에 따른 건강진단을 실시한 경우’ 특수건강진단을 실시한 것으로 보도록 하고 있습니다.",expc,legal_reference,informative,,,,,,,,,,low,
S0383,"그런데 신고사업자는 「원자력안전법」 제91조제1항에 따라 건강진단을 실시하여야 하는 원자력관계사업자의 범위에서 제외되어 있는바, 「원자력안전법」에 따른 건강진단을 “실시하지 않은” 신고사용자는 「산업안전보건법」 제130조제1항 단서에 따라 특수건강진단을 실시한 것으로 보는 경우에 해당되지 않으므로, 특수건강진단을 실시해야 한다는 것이 문언상 명확합니다.",expc,requirement,mandatory,report,,,,,health_control,ctrl_special_health_check,특수건강진단,Y,medium,
S0384,"하려는 것이라는 점을 고려하면, 「원자력안전법」 제91조제1항에 따라 건강진단 실시 의무가 면제된 신고사용자에 대해서도 「산업안전보건법」에 따른 특수건강진단 의무가 면제된다고 해석하는 것은 사업주에게 유해인자별 특수건강진단을 실시할 법적 의무를 부과한 같은 법 제130조의 입법취지에 부합하지 않습니다.",expc,legal_reference,informative,report,,,,,,,,,low,
S0385,따라서 사업주인 신고사용자가 방사선에 노출되는 업무에 종사하는 근로자에 대해 「원자력안전법」 제91조제1항에 따라 건강진단 실시 의무가 면제되어 건강진단을 실시하지 않았다면 「산업안전보건법」 제130조제1항에 따른 특수건강진단을 실시하여야 합니다.,expc,requirement,mandatory,report,,,,,health_control,ctrl_special_health_check,특수건강진단,Y,medium,
S0386,제130조(특수건강진단 등) ① 사업주는 다음 각 호의 어느 하나에 해당하는 근로자의 건강관리를 위하여 건강진단(이하 “특수건강진단”이라 한다)을 실시하여야 한다.,expc,definition,informative,,,,,,,,,,low,
S0387,"다만, 사업주가 고용노동부령으로 정하는 건강진단을 실시한 경우에는 그 건강진단을 받은 근로자에 대하여 해당 유해인자에 대한 특수건강진단을 실시한 것으로 본다.",expc,scope_exclusion,exception,,,,,,,,,,low,
S0388,고용노동부령으로 정하는 유해인자에 노출되는 업무(이하 “특수건강진단대상업무”라 한다)에 종사하는 근로자,expc,definition,informative,,,,,,,,,,low,
S0389,제200조(특수건강진단 실시의 인정) 법 제130조제1항 단서에서 “고용노동부령으로 정하는 건강진단”이란 다음 각 호의 어느 하나에 해당하는 건강진단을 말한다.,expc,definition,informative,,,,,,,,,,low,
S0390,■ 산업안전보건법 시행규칙 [별표 22] <개정 2021.,expc,legal_reference,informative,,,,,,,,,,low,
S0391,제91조(방사선장해방지조치) ① 원자력관계사업자(신고사용자는 제외한다)는 방사선장해를 방지하기 위하여 대통령령으로 정하는 바에 따라 다음 각 호의 조치를 하여야 한다.,expc,scope_exclusion,exception,report,,,,,,,,,low,
S0392,「산업안전보건법 시행규칙」 제4조제1항에 규정된 “3일 이상”은 연속적인 기간을 의미하는지?,expc,descriptive_noise,informative,,,,,,,,,,low,
S0393,○ 「산업안전보건법 시행규칙」 제4조(2014.,expc,descriptive_noise,informative,,,,,,,,,,low,
S0394,"시행)를 개정하여 산업재해 발생 보고대상을 종전의 “4일 이상의 요양”에서 “3일 이상의 휴업”으로 변경하였는바,",expc,descriptive_noise,informative,report,incident_emergency,,,,,,,,low,
S0395,"○ 고용노동부는 “요양”에는 통근치료 등 경미한 재해도 포함하여 일정 기간 치료를 요하는 경우로서 연속적인 기간으로 적용하였지만, “휴업”은 결근으로 보다 중한 재해만을 포함하나, 연속적인 기간인지, 비연속적인 기간인지 의문이 생겨 법제처에 해석을 요청함.",expc,descriptive_noise,informative,,,,,,,,,,low,
S0396,「산업안전보건법 시행규칙」 제4조제1항에 규정된 “3일 이상”은 연속적인 기간을 의미한다고 할 것입니다.,expc,descriptive_noise,informative,,,,,,,,,,low,
S0397,이 사안에서는 같은 법 시행규칙 제4조제1항에 규정된 “3일 이상”이 연속적인 기간을 의미하는지 여부가 문제될 수 있습니다.,expc,descriptive_noise,informative,,,,,,,,,,low,
S0398,"질병을 의미하는 것으로 해석되며, 같은 시행규칙 별지 제1호서식 산업재해조사표에서는 장해종류, 상해부위, 휴업예정일 등을 기재하도록 하고, 이 때 의사의 진단 소견을 참조하도록 하고 있는데, 의사의 진단 소견에 따른 휴업예정일도 연속적인 기간으로 해석되고 있는 점에 비추어 보더라도 “3일 이상의 휴업”은 연속적 3일 이상의 기간을 의미한다고 보아야 할 것입니다.",expc,descriptive_noise,informative,,,,,,,,,,low,
S0399,"또한, 입법연혁을 살펴보면, 「산업안전보건법」 제10조에 따른 산업재해 보고제도는 산업재해 발생현황과 원인 등을 적시(適時)에 파악하여 해당 사업장의 재발방지대책 수립 및 산업재해 예방을 위한 국가 시책에 참고하려는 것으로서, 2013.",expc,descriptive_noise,informative,report,incident_emergency,,,,,,,,low,
S0400,"고용노동부령 제99호로 같은 법 시행규칙을 개정하면서 보고대상 산업재해 등을 종전에 “4일 이상의 요양이 필요한 부상을 입거나 질병에 걸린 사람이 발생한 경우”로 하던 것을 “3일 이상의 휴업이 필요한 부상을 입거나 질병에 걸린 사람이 발생한 경우”로 강화하였는바, 종전 “4일 이상의 요양”을 연속적인 기간으로 해석해 왔던 점에 비추어보",expc,descriptive_noise,informative,report,,,,,,,,,low,
