view_path,source_path,source_url,source_code,source_id,doc_type,doc_title,date,ext,authority_grade,is_original,checksum_sha256,size_bytes,notes
data/forms/A_official/licbyl/LAW__별표__안전보건관리규정을_작성해야_할_사업의_2__N_A.hwp,data/raw/law_api/licbyl/files/17853601/[별표 2] 안전보건관리규정을 작성해야 할 사업의 .hwp,,LAW,17853601,별표,[별표 2] 안전보건관리규정을 작성해야 할 사업의 ,N/A,hwp,A,Y,0e7200cfb72317bd5c4c51a54f08c94515064509ff0099968193ec136a5767cb,34816,산안법 시행규칙 별지/별표 원본
data/forms/A_official/licbyl/LAW__별표__안전보건관리규정을_작성해야_할_사업의_2__N_A.hwpx,data/raw/law_api/licbyl/files/17853601/[별표 2] 안전보건관리규정을 작성해야 할 사업의 .hwpx,,LAW,17853601,별표,[별표 2] 안전보건관리규정을 작성해야 할 사업의 ,N/A,hwpx,A,Y,6f73fdb41a6a17e3d90aa93703fc4674e786452bc9e62180a30ed34a192a12fc,33631,산안법 시행규칙 별지/별표 원본
data/forms/A_official/licbyl/LAW__별표__안전보건관리규정의_세부_내용_제25조제2항_3__N_A.hwp,data/raw/law_api/licbyl/files/17853603/[별표 3] 안전보건관리규정의 세부 내용(제25조제2항.hwp,,LAW,17853603,별표,[별표 3] 안전보건관리규정의 세부 내용(제25조제2항,N/A,hwp,A,Y,9ca58d751a40884d15b009c7acc1e8d9e9b69da087a1134c9b6b321260a65b19,17408,산안법 시행규칙 별지/별표 원본
data/forms/A_official/licbyl/LAW__별표__안전보건관리규정의_세부_내용_제25조제2항_3__N_A.hwpx,data/raw/law_api/licbyl/files/17853603/[별표 3] 안전보건관리규정의 세부 내용(제25조제2항.hwpx,,LAW,17853603,별표,[별표 3] 안전보건관리규정의 세부 내용(제25조제2항,N/A,hwpx,A,Y,b1cdb686c3a56b39c7ef77c2e0112156e407721435fb838a408631beef774fad,50484,산안법 시행규칙 별지/별표 원본
data/forms/A_official/licbyl/LAW__별지__안전관리자_보건관리자_산업_제2호서식__N_A.hwp,data/raw/law_api/licbyl/files/17853655/[별지 제2호서식] 안전관리자ㆍ보건관리자ㆍ산업�.hwp,,LAW,17853655,별지,[별지 제2호서식] 안전관리자ㆍ보건관리자ㆍ산업�,N/A,hwp,A,Y,811183a397a4fa55f04fd9714879cdb320d90b08597f9bc3579a89458ef30ce5,52224,산안법 시행규칙 별지/별표 원본
data/forms/A_official/licbyl/LAW__별지__안전관리자_보건관리자_산업_제2호서식__N_A.hwpx,data/raw/law_api/licbyl/files/17853655/[별지 제2호서식] 안전관리자ㆍ보건관리자ㆍ산업�.hwpx,,LAW,17853655,별지,[별지 제2호서식] 안전관리자ㆍ보건관리자ㆍ산업�,N/A,hwpx,A,Y,641c9b4d1cd44c86db77cdf2916ce1655951287d113c1c052194bd64a5aa3e8f,50905,산안법 시행규칙 별지/별표 원본
data/forms/A_official/licbyl/LAW__별지__안전관리자_보건관리자_산업_제3호서식__N_A.hwp,data/raw/law_api/licbyl/files/17853657/[별지 제3호서식] 안전관리자ㆍ보건관리자ㆍ산업�.hwp,,LAW,17853657,별지,[별지 제3호서식] 안전관리자ㆍ보건관리자ㆍ산업�,N/A,hwp,A,Y,96885f4e5df7887e5147fd2317b10b376cf9c67f030ee99228c6c6eba4375e92,70144,산안법 시행규칙 별지/별표 원본
data/forms/A_official/licbyl/LAW__별지__안전관리자_보건관리자_산업_제3호서식__N_A.hwpx,data/raw/law_api/licbyl/files/17853657/[별지 제3호서식] 안전관리자ㆍ보건관리자ㆍ산업�.hwpx,,LAW,17853657,별지,[별지 제3호서식] 안전관리자ㆍ보건관리자ㆍ산업�,N/A,hwpx,A,Y,d74771b31f5fad92d5797d4fc396633d8b5029cd1c864cf9879499ed827545e6,68228,산안법 시행규칙 별지/별표 원본
data/forms/A_official/licbyl/LAW__별지__안전관리자_보건관리자_산E_제3호의2서식__N_A.hwp,data/raw/law_api/licbyl/files/17853659/[별지 제3호의2서식] 안전관리자ㆍ보건관리자ㆍ산%E.hwp,,LAW,17853659,별지,[별지 제3호의2서식] 안전관리자ㆍ보건관리자ㆍ산%E,N/A,hwp,A,Y,682cbf6d11a8bbddc5667e4c7b860a048204f47eabf2df67a6c068a2332e4c23,50688,산안법 시행규칙 별지/별표 원본
data/forms/A_official/licbyl/LAW__별지__안전관리자_보건관리자_산E_제3호의2서식__N_A.hwpx,data/raw/law_api/licbyl/files/17853659/[별지 제3호의2서식] 안전관리자ㆍ보건관리자ㆍ산%E.hwpx,,LAW,17853659,별지,[별지 제3호의2서식] 안전관리자ㆍ보건관리자ㆍ산%E,N/A,hwpx,A,Y,c2aa3c3440c3d0f40e52c4bf39ad080b6bf8099f370b3ff2846d7be393bf9801,46733,산안법 시행규칙 별지/별표 원본
data/forms/A_official/licbyl/LAW__별지__안전_보건관리_업무계약서_산_제5호서식__N_A.hwp,data/raw/law_api/licbyl/files/17853663/[별지 제5호서식] 안전ㆍ보건관리 업무계약서(산�.hwp,,LAW,17853663,별지,[별지 제5호서식] 안전ㆍ보건관리 업무계약서(산�,N/A,hwp,A,Y,8ac524715aadfd1585d34b300c1e2b35374cd007226aec8042bf5e999847c746,62976,산안법 시행규칙 별지/별표 원본
data/forms/A_official/licbyl/LAW__별지__안전_보건관리_업무계약서_산_제5호서식__N_A.hwpx,data/raw/law_api/licbyl/files/17853663/[별지 제5호서식] 안전ㆍ보건관리 업무계약서(산�.hwpx,,LAW,17853663,별지,[별지 제5호서식] 안전ㆍ보건관리 업무계약서(산�,N/A,hwpx,A,Y,f40ace07ee993aa1af465c559997f5951b9eaed9a4e81a2a60dc6b93c67d7a81,57781,산안법 시행규칙 별지/별표 원본
data/forms/A_official/licbyl/LAW__별지__지정신청서_법인_등_신청용_안_제6호서식__N_A.hwp,data/raw/law_api/licbyl/files/17853665/[별지 제6호서식] 지정신청서(법인 등 신청용)(안�.hwp,,LAW,17853665,별지,[별지 제6호서식] 지정신청서(법인 등 신청용)(안�,N/A,hwp,A,Y,58d4302527076799988dd54279a10de4f2a489fa731e4bad596ca209f160e0b3,86016,산안법 시행규칙 별지/별표 원본
data/forms/A_official/licbyl/LAW__별지__지정신청서_법인_등_신청용_안_제6호서식__N_A.hwpx,data/raw/law_api/licbyl/files/17853665/[별지 제6호서식] 지정신청서(법인 등 신청용)(안�.hwpx,,LAW,17853665,별지,[별지 제6호서식] 지정신청서(법인 등 신청용)(안�,N/A,hwpx,A,Y,37e37e18990a82c0019fa78a6caf9f5463b8310b7b6b4c5e601eb23265abba2b,80817,산안법 시행규칙 별지/별표 원본
data/forms/A_official/licbyl/LAW__별지__안전관리전문기관_보건관A_제6호의2서식__N_A.hwp,data/raw/law_api/licbyl/files/17853667/[별지 제6호의2서식] (안전관리전문기관¸ 보건관�%A.hwp,,LAW,17853667,별지,[별지 제6호의2서식] (안전관리전문기관¸ 보건관�%A,N/A,hwp,A,Y,32cb80a08144c9e79f27d373f436bc5979030a9b9246f2a0ec566a5008e8b79b,91648,산안법 시행규칙 별지/별표 원본
data/forms/A_official/licbyl/LAW__별지__안전관리전문기관_보건관A_제6호의2서식__N_A.hwpx,data/raw/law_api/licbyl/files/17853667/[별지 제6호의2서식] (안전관리전문기관¸ 보건관�%A.hwpx,,LAW,17853667,별지,[별지 제6호의2서식] (안전관리전문기관¸ 보건관�%A,N/A,hwpx,A,Y,a68d6917793502c6a9643afe2d3f4aae9ed286b1b1e71b07dab912ee76093e6c,46215,산안법 시행규칙 별지/별표 원본
data/forms/A_official/licbyl/LAW__별지__지정서_산업안전_보건지도A_제7호의2서식__N_A.hwp,data/raw/law_api/licbyl/files/17853671/[별지 제7호의2서식] 지정서(산업안전ㆍ보건지도�%A.hwp,,LAW,17853671,별지,[별지 제7호의2서식] 지정서(산업안전ㆍ보건지도�%A,N/A,hwp,A,Y,f4b9699c78f9ac63ca271008296b76390226728df084c33d9d7027071d918a18,38912,산안법 시행규칙 별지/별표 원본
data/forms/A_official/licbyl/LAW__별지__지정서_산업안전_보건지도A_제7호의2서식__N_A.hwpx,data/raw/law_api/licbyl/files/17853671/[별지 제7호의2서식] 지정서(산업안전ㆍ보건지도�%A.hwpx,,LAW,17853671,별지,[별지 제7호의2서식] 지정서(산업안전ㆍ보건지도�%A,N/A,hwpx,A,Y,314f64128113f5c79a3573aa92a7143eb52f601ef7a57f054de8a01080d480d0,35591,산안법 시행규칙 별지/별표 원본
data/forms/A_official/licbyl/LAW__별지__변경신청서_법인_등_신청용_안_제8호서식__N_A.hwp,data/raw/law_api/licbyl/files/17853673/[별지 제8호서식] 변경신청서(법인 등 신청용)(안�.hwp,,LAW,17853673,별지,[별지 제8호서식] 변경신청서(법인 등 신청용)(안�,N/A,hwp,A,Y,2c8d0fcedcb4933a1ac2833f431bf71f1a994b798982569292b48fce047af4df,56320,산안법 시행규칙 별지/별표 원본
data/forms/A_official/licbyl/LAW__별지__변경신청서_법인_등_신청용_안_제8호서식__N_A.hwpx,data/raw/law_api/licbyl/files/17853673/[별지 제8호서식] 변경신청서(법인 등 신청용)(안�.hwpx,,LAW,17853673,별지,[별지 제8호서식] 변경신청서(법인 등 신청용)(안�,N/A,hwpx,A,Y,1cf54bd67c4bc2d35673fbe146aa4b9fa522596af2d970fc23289fb617b6a4b9,55220,산안법 시행규칙 별지/별표 원본
data/forms/A_official/licbyl/LAW__별지__안전관리전문기관_보건관A_제8호의2서식__N_A.hwp,data/raw/law_api/licbyl/files/17853675/[별지 제8호의2서식] (안전관리전문기관¸ 보건관�%A.hwp,,LAW,17853675,별지,[별지 제8호의2서식] (안전관리전문기관¸ 보건관�%A,N/A,hwp,A,Y,5674a44e7fec3d78501c2dbc46a0d63b2241264c15c7488783eaf355bfdb56d9,48640,산안법 시행규칙 별지/별표 원본
data/forms/A_official/licbyl/LAW__별지__안전관리전문기관_보건관A_제8호의2서식__N_A.hwpx,data/raw/law_api/licbyl/files/17853675/[별지 제8호의2서식] (안전관리전문기관¸ 보건관�%A.hwpx,,LAW,17853675,별지,[별지 제8호의2서식] (안전관리전문기관¸ 보건관�%A,N/A,hwpx,A,Y,75b3c52b6c2bd969da2039a27b6c80925c3e496b0cec839605a205674e2071fa,47158,산안법 시행규칙 별지/별표 원본
data/forms/A_official/licbyl/LAW__별지__유해위험방지계획서_산업안전8_제19호서식__N_A.hwp,data/raw/law_api/licbyl/files/17853697/[별지 제19호서식] 유해위험방지계획서 산업안전�%8.hwp,,LAW,17853697,별지,[별지 제19호서식] 유해위험방지계획서 산업안전�%8,N/A,hwp,A,Y,20f9c2d8725f509be49d98f7c694add84b6a0766a7030692ec4f91072401e2a7,15360,산안법 시행규칙 별지/별표 원본
data/forms/A_official/licbyl/LAW__별지__유해위험방지계획서_산업안전8_제19호서식__N_A.hwpx,data/raw/law_api/licbyl/files/17853697/[별지 제19호서식] 유해위험방지계획서 산업안전�%8.hwpx,,LAW,17853697,별지,[별지 제19호서식] 유해위험방지계획서 산업안전�%8,N/A,hwpx,A,Y,cb77880beccda5803f955bcb76e9a1b303357ccc80966b138599ba11b4d10ae4,34083,산안법 시행규칙 별지/별표 원본
data/forms/A_official/licbyl/LAW__별지__유해위험방지계획서_산업안전8_제22호서식__N_A.hwp,data/raw/law_api/licbyl/files/17853703/[별지 제22호서식] 유해위험방지계획서 산업안전�%8.hwp,,LAW,17853703,별지,[별지 제22호서식] 유해위험방지계획서 산업안전�%8,N/A,hwp,A,Y,1f95e95e0cbd8b1de04048cf31943780aed6da6e72a38b5d4da80d93bc0110cd,16896,산안법 시행규칙 별지/별표 원본
data/forms/A_official/licbyl/LAW__별지__유해위험방지계획서_산업안전8_제22호서식__N_A.hwpx,data/raw/law_api/licbyl/files/17853703/[별지 제22호서식] 유해위험방지계획서 산업안전�%8.hwpx,,LAW,17853703,별지,[별지 제22호서식] 유해위험방지계획서 산업안전�%8,N/A,hwpx,A,Y,7d57564482e900d1af9777161b9e5f578f71389e8977d4d65e01cc10c411478d,37395,산안법 시행규칙 별지/별표 원본
data/forms/A_official/licbyl/LAW__별지__산업안전보건관리비_사용계획_제102호서식__N_A.hwp,data/raw/law_api/licbyl/files/17853867/[별지 제102호서식] 산업안전보건관리비 사용계획�%.hwp,,LAW,17853867,별지,[별지 제102호서식] 산업안전보건관리비 사용계획�%,N/A,hwp,A,Y,de2d03321e87639be5a3a1d9d9f277994cec8248afd1c94a69932f095b592313,41472,산안법 시행규칙 별지/별표 원본
data/forms/A_official/licbyl/LAW__별지__산업안전보건관리비_사용계획_제102호서식__N_A.hwpx,data/raw/law_api/licbyl/files/17853867/[별지 제102호서식] 산업안전보건관리비 사용계획�%.hwpx,,LAW,17853867,별지,[별지 제102호서식] 산업안전보건관리비 사용계획�%,N/A,hwpx,A,Y,d41a3849d978cdac555c73af633839e37a64ffd8fb4bcd3f6b65bdf3102f7bd5,41236,산안법 시행규칙 별지/별표 원본
data/forms/A_official/licbyl/LAW__별지__산업안전지도사_산업보건지도_제240호서식__N_A.hwp,data/raw/law_api/licbyl/files/17973935/[별지 제240호서식] 산업안전지도사ㆍ산업보건지도%.hwp,,LAW,17973935,별지,[별지 제240호서식] 산업안전지도사ㆍ산업보건지도%,N/A,hwp,A,Y,2e3714817e35a433adeaa78e5dc87aa93ce9ca44c6e55ecc6ba3743b3fb54971,16896,산안법 시행규칙 별지/별표 원본
data/forms/A_official/licbyl/LAW__별지__산업안전지도사_산업보건지도_제240호서식__N_A.hwpx,data/raw/law_api/licbyl/files/17973935/[별지 제240호서식] 산업안전지도사ㆍ산업보건지도%.hwpx,,LAW,17973935,별지,[별지 제240호서식] 산업안전지도사ㆍ산업보건지도%,N/A,hwpx,A,Y,c13b5bfaed55f7c94a74650a0a2c71523e45639936eb01606496bc07c2a67a9a,45089,산안법 시행규칙 별지/별표 원본
data/forms/A_official/licbyl/LAW__별표__안전보건관리책임자를_두어야_하는_사업_2__N_A.hwp,data/raw/law_api/licbyl/files/18014263/[별표 2] 안전보건관리책임자를 두어야 하는 사업�.hwp,,LAW,18014263,별표,[별표 2] 안전보건관리책임자를 두어야 하는 사업�,N/A,hwp,A,Y,3ae147243b67cad0cd186a7f6f03ea6fbb9b684e5e404e5991b28fd3458b1ac7,49664,산안법 시행규칙 별지/별표 원본
data/forms/A_official/licbyl/LAW__별표__안전보건관리책임자를_두어야_하는_사업_2__N_A.hwpx,data/raw/law_api/licbyl/files/18014263/[별표 2] 안전보건관리책임자를 두어야 하는 사업�.hwpx,,LAW,18014263,별표,[별표 2] 안전보건관리책임자를 두어야 하는 사업�,N/A,hwpx,A,Y,10dd42da309b7f246437e6e2cd506955913284de0a03cc70503593b295ad1e57,46705,산안법 시행규칙 별지/별표 원본
data/forms/A_official/licbyl/LAW__별표__산업안전보건위원회를_구성해야_할_사업_9__N_A.hwp,data/raw/law_api/licbyl/files/18014277/[별표 9] 산업안전보건위원회를 구성해야 할 사업�.hwp,,LAW,18014277,별표,[별표 9] 산업안전보건위원회를 구성해야 할 사업�,N/A,hwp,A,Y,2161d394a0764c3a291e3ac073770578e8fcafbf82776ac6d927080692c3a747,49152,산안법 시행규칙 별지/별표 원본
data/forms/A_official/licbyl/LAW__별표__산업안전보건위원회를_구성해야_할_사업_9__N_A.hwpx,data/raw/law_api/licbyl/files/18014277/[별표 9] 산업안전보건위원회를 구성해야 할 사업�.hwpx,,LAW,18014277,별표,[별표 9] 산업안전보건위원회를 구성해야 할 사업�,N/A,hwpx,A,Y,b6d5d9311e3e7a6aae65b0213cfd156deb6ee0ca316ae588c2ea3e55c7c72196,46297,산안법 시행규칙 별지/별표 원본
data/forms/B_semi_official/moel_guide/MOEL__가이드__2_2010년_동절기_안전보건_가이드라인__N_A.hwp,data/raw/moel_forms/policy_data/files/1291083677148/(2)2010년 동절기 안전보건 가이드라인.hwp,,MOEL,1291083677148,가이드,(2)2010년 동절기 안전보건 가이드라인,N/A,hwp,B,Y,3128173e1babe6ed7058bc1aa6cda0e8751a9f94032aa1f7725cf19d0497a06d,5644288,MOEL 정책자료실 배포본
data/forms/B_semi_official/moel_guide/MOEL__가이드__2_2010년_동절기_안전보건_가이드라인__N_A.hwpx,data/raw/moel_forms/policy_data/files/1291083677148/(2)2010년 동절기 안전보건 가이드라인.hwpx,,MOEL,1291083677148,가이드,(2)2010년 동절기 안전보건 가이드라인,N/A,hwpx,B,Y,7904cd9da392629cef681a7e9509a6872a3b5c1500d043eb6608ede71e225960,6649200,MOEL 정책자료실 배포본
data/forms/B_semi_official/moel_guide/MOEL__가이드__13_해빙기_건설현장_안전보건_가이드라인_11년__N_A.hwp,data/raw/moel_forms/policy_data/files/1298358950349/(13)해빙기 건설현장 안전보건 가이드라인(11년).hwp,,MOEL,1298358950349,가이드,(13)해빙기 건설현장 안전보건 가이드라인(11년),N/A,hwp,B,Y,d682ce7575baf5e9382decedff22f8f3ddf92117a02973c9973d929176cc840b,10588672,MOEL 정책자료실 배포본
data/forms/B_semi_official/moel_guide/MOEL__가이드__13_해빙기_건설현장_안전보건_가이드라인_11년__N_A.hwpx,data/raw/moel_forms/policy_data/files/1298358950349/(13)해빙기 건설현장 안전보건 가이드라인(11년).hwpx,,MOEL,1298358950349,가이드,(13)해빙기 건설현장 안전보건 가이드라인(11년),N/A,hwpx,B,Y,87cc186e015cb0ea428dceb8238d5042039a3eaea07589ebf19ec2fb8fd856cb,10671821,MOEL 정책자료실 배포본
data/forms/B_semi_official/moel_guide/MOEL__가이드__장마철_건설현장_안전보건_가이드라인__N_A.hwp,data/raw/moel_forms/policy_data/files/1305786985178/장마철_건설현장_안전보건_가이드라인.hwp,,MOEL,1305786985178,가이드,장마철_건설현장_안전보건_가이드라인,N/A,hwp,B,Y,ba24a20fef310a7e4309704b0deb626dead62375c4137c422beb76cca58a5b41,12989952,MOEL 정책자료실 배포본
data/forms/B_semi_official/moel_guide/MOEL__가이드__장마철_건설현장_안전보건_가이드라인__N_A.hwpx,data/raw/moel_forms/policy_data/files/1305786985178/장마철_건설현장_안전보건_가이드라인.hwpx,,MOEL,1305786985178,가이드,장마철_건설현장_안전보건_가이드라인,N/A,hwpx,B,Y,fb00523b41c1e277c6a93fe6ba3280293ae112e9d421bd871871adfb13c53e8e,13228911,MOEL 정책자료실 배포본
data/forms/B_semi_official/moel_guide/MOEL__계획서__고시전문_방지계획서__N_A.hwp,data/raw/moel_forms/policy_data/files/1327993088630/고시전문_방지계획서.hwp,,MOEL,1327993088630,계획서,고시전문_방지계획서,N/A,hwp,B,Y,19ed301a744af7521272d5d9cad5828f1b05601c556c72a291b53c1625671d20,119296,MOEL 정책자료실 배포본
data/forms/B_semi_official/moel_guide/MOEL__계획서__고시전문_방지계획서__N_A.hwpx,data/raw/moel_forms/policy_data/files/1327993088630/고시전문_방지계획서.hwpx,,MOEL,1327993088630,계획서,고시전문_방지계획서,N/A,hwpx,B,Y,2011d3d125ced3b016bacedac22f762f67cbb471ace543069c075cb3b2b72064,108214,MOEL 정책자료실 배포본
data/forms/B_semi_official/moel_guide/MOEL__계획서__유해위험방지계획서_제도_설명__N_A.hwp,data/raw/moel_forms/policy_data/files/1327993088630/유해위험방지계획서 제도 설명.hwp,,MOEL,1327993088630,계획서,유해위험방지계획서 제도 설명,N/A,hwp,B,Y,6c776e8536aac1af077336783edf770ecb3a35dedb6f4997324ce527e5ff5876,109568,MOEL 정책자료실 배포본
data/forms/B_semi_official/moel_guide/MOEL__계획서__유해위험방지계획서_제도_설명__N_A.hwpx,data/raw/moel_forms/policy_data/files/1327993088630/유해위험방지계획서 제도 설명.hwpx,,MOEL,1327993088630,계획서,유해위험방지계획서 제도 설명,N/A,hwpx,B,Y,e42e89e13e08403bdd42766f63eb009ac222e2081b193ef57265e7b8a67a753a,67834,MOEL 정책자료실 배포본
data/forms/B_semi_official/moel_guide/MOEL__가이드__해빙기_건설현장_안전보건_가이드라인__N_A.hwp,data/raw/moel_forms/policy_data/files/1329300460863/해빙기_건설현장_안전보건_가이드라인.hwp,,MOEL,1329300460863,가이드,해빙기_건설현장_안전보건_가이드라인,N/A,hwp,B,Y,d166b5e6edddd15766466fb0d342848bd85a0be66e22ce9745dbc7e8f99e1d6f,15638016,MOEL 정책자료실 배포본
data/forms/B_semi_official/moel_guide/MOEL__가이드__해빙기_건설현장_안전보건_가이드라인__N_A.hwpx,data/raw/moel_forms/policy_data/files/1329300460863/해빙기_건설현장_안전보건_가이드라인.hwpx,,MOEL,1329300460863,가이드,해빙기_건설현장_안전보건_가이드라인,N/A,hwpx,B,Y,ef40e1b00f2658219d5229ad01aba308ad50b1d3a3d2eebd2a588f1a487bb785,11800307,MOEL 정책자료실 배포본
data/forms/B_semi_official/moel_guide/MOEL__가이드__7_120516_장마철_건설현장_안전보건_가이드라인_2012년__N_A.hwp,data/raw/moel_forms/policy_data/files/1337909045554/(7)120516_장마철_건설현장_안전보건_가이드라인(2012년).hwp,,MOEL,1337909045554,가이드,(7)120516_장마철_건설현장_안전보건_가이드라인(2012년),N/A,hwp,B,Y,2d80a890b8df9ad8b86ac301405ba1692880eb4aafc6a7fcf61d6c4e2d3acbb6,19088896,MOEL 정책자료실 배포본
data/forms/B_semi_official/moel_guide/MOEL__가이드__7_120516_장마철_건설현장_안전보건_가이드라인_2012년__N_A.hwpx,data/raw/moel_forms/policy_data/files/1337909045554/(7)120516_장마철_건설현장_안전보건_가이드라인(2012년).hwpx,,MOEL,1337909045554,가이드,(7)120516_장마철_건설현장_안전보건_가이드라인(2012년),N/A,hwpx,B,Y,644d085d23db050c796611b99e4cfea4bcd6ac22a20629a0554c5b531dad9bbb,11276770,MOEL 정책자료실 배포본
data/forms/B_semi_official/moel_guide/MOEL__가이드__동절기_안전보건_가이드라인__20121109.hwp,data/raw/moel_forms/policy_data/files/1352453506951/121109 동절기 안전보건 가이드라인.hwp,,MOEL,1352453506951,가이드,121109 동절기 안전보건 가이드라인,20121109,hwp,B,Y,76ac6b012a2be46b592fe0c6c7304cb236dcab77671a818d8d6cbf08368d3271,17741312,MOEL 정책자료실 배포본
data/forms/B_semi_official/moel_guide/MOEL__가이드__동절기_안전보건_가이드라인__20121109.hwpx,data/raw/moel_forms/policy_data/files/1352453506951/121109 동절기 안전보건 가이드라인.hwpx,,MOEL,1352453506951,가이드,121109 동절기 안전보건 가이드라인,20121109,hwpx,B,Y,32bb688e66563964c578a4e69f5310543071586319ab0c2f25aa53169f35ac0a,11334171,MOEL 정책자료실 배포본
data/forms/B_semi_official/moel_guide/MOEL__가이드__붙임_해빙기_건설현장_안전보건_가이드라인__N_A.hwp,data/raw/moel_forms/policy_data/files/1360822329859/[붙임] 해빙기 건설현장 안전보건 가이드라인.hwp,,MOEL,1360822329859,가이드,[붙임] 해빙기 건설현장 안전보건 가이드라인,N/A,hwp,B,Y,2bfb4c13b5c0614fb3dc4af73c96721416d8be0939fa6a36582c48ffd7269fa5,13818880,MOEL 정책자료실 배포본
data/forms/B_semi_official/moel_guide/MOEL__가이드__붙임_해빙기_건설현장_안전보건_가이드라인__N_A.hwpx,data/raw/moel_forms/policy_data/files/1360822329859/[붙임] 해빙기 건설현장 안전보건 가이드라인.hwpx,,MOEL,1360822329859,가이드,[붙임] 해빙기 건설현장 안전보건 가이드라인,N/A,hwpx,B,Y,958674cdc2a25e9cb6c9594a1873f0aac86b1bdfcd1965a8a3bcd8564d68cec2,13389106,MOEL 정책자료실 배포본
data/forms/B_semi_official/moel_guide/MOEL__가이드__장마철_건설현장_안전보건_가이드라인_최종__N_A.hwp,data/raw/moel_forms/policy_data/files/1370587541154/장마철 건설현장 안전보건 가이드라인(최종).hwp,,MOEL,1370587541154,가이드,장마철 건설현장 안전보건 가이드라인(최종),N/A,hwp,B,Y,4564c0242053c5766a35d9670c9b0f4265bb56ab15c76f61ef585b7db399e63c,7752704,MOEL 정책자료실 배포본
data/forms/B_semi_official/moel_guide/MOEL__가이드__장마철_건설현장_안전보건_가이드라인_최종__N_A.hwpx,data/raw/moel_forms/policy_data/files/1370587541154/장마철 건설현장 안전보건 가이드라인(최종).hwpx,,MOEL,1370587541154,가이드,장마철 건설현장 안전보건 가이드라인(최종),N/A,hwpx,B,Y,d33cfecc74dfd672ddc0545255e13fcef7c134e61242f0ed7eb24054a07ed0c0,7152562,MOEL 정책자료실 배포본
data/forms/B_semi_official/moel_model/MOEL__표준모델__교육서비스위험성평가_표준모델_실험실__N_A.hwp,data/raw/moel_forms/policy_data/files/1372384586591/교육서비스위험성평가 표준모델(실험실).hwp,,MOEL,1372384586591,표준모델,교육서비스위험성평가 표준모델(실험실),N/A,hwp,B,Y,14223f296ec8509b5e7cc6cbecaca1c6b731132191584e543da95f72768f569a,5719552,MOEL 정책자료실 배포본
data/forms/B_semi_official/moel_model/MOEL__표준모델__교육서비스위험성평가_표준모델_실험실__N_A.hwpx,data/raw/moel_forms/policy_data/files/1372384586591/교육서비스위험성평가 표준모델(실험실).hwpx,,MOEL,1372384586591,표준모델,교육서비스위험성평가 표준모델(실험실),N/A,hwpx,B,Y,fbc9cfcb9b59c7cd94ec65f968566ad2c65e4bd5276fdd77c1677148f770ab1e,6021808,MOEL 정책자료실 배포본
data/forms/B_semi_official/moel_model/MOEL__표준모델__교육서비스위험성평가_표준모델_단체급식__N_A.hwp,data/raw/moel_forms/policy_data/files/1378181181811/교육서비스위험성평가 표준모델(단체급식).hwp,,MOEL,1378181181811,표준모델,교육서비스위험성평가 표준모델(단체급식),N/A,hwp,B,Y,08ae1874dec2191e703c437a80a14b7f6e2b4421f33d5a96ed5133fee3bb4733,20084224,MOEL 정책자료실 배포본
data/forms/B_semi_official/moel_model/MOEL__표준모델__교육서비스위험성평가_표준모델_단체급식__N_A.hwpx,data/raw/moel_forms/policy_data/files/1378181181811/교육서비스위험성평가 표준모델(단체급식).hwpx,,MOEL,1378181181811,표준모델,교육서비스위험성평가 표준모델(단체급식),N/A,hwpx,B,Y,f00461ae71f0d5e40adda161fd14a792e3238a43cd1e32fa6f5f8ffed7a52d25,18181271,MOEL 정책자료실 배포본
data/forms/A_official/licbyl/MOEL__별지__산안법_시행규칙_별지_제1호의2_1_2_서식_안전관리자__N_A.hwp,data/raw/moel_forms/policy_data/files/1413866229120/산안법_시행규칙_별지_제1호의2(1_2)_서식_안전관리자ㆍ보건관리자ㆍ산업보건의__3ccc7b13.hwp,,MOEL,1413866229120,별지,산안법_시행규칙_별지_제1호의2(1_2)_서식_안전관리자ㆍ보건관리자ㆍ산업보건의__3ccc7b13,N/A,hwp,A,N,e42c309a03019e9356c8e341357117089a831ab88b47aa3167610f7378873917,18432,MOEL 정책자료실 배포본
data/forms/A_official/licbyl/MOEL__별지__산안법_시행규칙_별지_제1호의2_1_2_서식_안전관리자__N_A.hwpx,data/raw/moel_forms/policy_data/files/1413866229120/산안법_시행규칙_별지_제1호의2(1_2)_서식_안전관리자ㆍ보건관리자ㆍ산업보건의__3ccc7b13.hwpx,,MOEL,1413866229120,별지,산안법_시행규칙_별지_제1호의2(1_2)_서식_안전관리자ㆍ보건관리자ㆍ산업보건의__3ccc7b13,N/A,hwpx,A,N,7e729bd8bd50959c27b3fcaf8c6c130f3dda780e0c91413717079e64cb669021,46077,MOEL 정책자료실 배포본
data/forms/B_semi_official/moel_model/MOEL__표준모델__위험성평가_및_우수_사업장_인정_개요__N_A.hwp,data/raw/moel_forms/policy_data/files/1475831008865/위험성평가 및 우수 사업장 인정 개요.hwp,,MOEL,1475831008865,표준모델,위험성평가 및 우수 사업장 인정 개요,N/A,hwp,B,Y,2ecdde2cd91d9187c0c1f8e1a3a175b8f651e30cb73ab62b702b50b08c10cf48,123904,MOEL 정책자료실 배포본
data/forms/B_semi_official/moel_model/MOEL__표준모델__위험성평가_및_우수_사업장_인정_개요__N_A.hwpx,data/raw/moel_forms/policy_data/files/1475831008865/위험성평가 및 우수 사업장 인정 개요.hwpx,,MOEL,1475831008865,표준모델,위험성평가 및 우수 사업장 인정 개요,N/A,hwpx,B,Y,c4978acc2ef9ec9cfa701999eeb9cf8bc98f788d82e8192584f2d90b532babfa,171876,MOEL 정책자료실 배포본
data/forms/B_semi_official/moel_checklist/MOEL__자율점검표__안전보건관리체계_자율점검표_산재예방지원과_211130__N_A.hwp,data/raw/moel_forms/policy_data/files/20211000975/안전보건관리체계 자율점검표(산재예방지원과)_211130.hwp,,MOEL,20211000975,자율점검표,안전보건관리체계 자율점검표(산재예방지원과)_211130,N/A,hwp,B,Y,35681299b79e6dfc53c57035d462b794f216deac0b4ef036ff457ec1c2229ca4,769536,MOEL 정책자료실 배포본
data/forms/B_semi_official/moel_checklist/MOEL__자율점검표__안전보건관리체계_자율점검표_산재예방지원과_211130__N_A.hwpx,data/raw/moel_forms/policy_data/files/20211000975/안전보건관리체계 자율점검표(산재예방지원과)_211130.hwpx,,MOEL,20211000975,자율점검표,안전보건관리체계 자율점검표(산재예방지원과)_211130,N/A,hwpx,B,Y,3c85ebe4b058f6aacdb117d8e7b4335be8989e0b9bec47dd80237216bbb22e59,766450,MOEL 정책자료실 배포본
data/forms/B_semi_official/moel_checklist/MOEL__자율점검표__1221_건설업_중대산업재해_예방을_위한_자율점검표_첨부_건설산재예방정책과__N_A.hwp,data/raw/moel_forms/policy_data/files/20211201729/12.21_건설업_중대산업재해_예방을_위한_자율점검표(첨부_건설산재예방정책과).hwp,,MOEL,20211201729,자율점검표,12.21_건설업_중대산업재해_예방을_위한_자율점검표(첨부_건설산재예방정책과),N/A,hwp,B,Y,c86749023f90d6c73f9850dc103e8820b81f0c36dfcd95349025a94f01f58f25,1672704,MOEL 정책자료실 배포본
data/forms/B_semi_official/moel_checklist/MOEL__자율점검표__1221_건설업_중대산업재해_예방을_위한_자율점검표_첨부_건설산재예방정책과__N_A.hwpx,data/raw/moel_forms/policy_data/files/20211201729/12.21_건설업_중대산업재해_예방을_위한_자율점검표(첨부_건설산재예방정책과).hwpx,,MOEL,20211201729,자율점검표,12.21_건설업_중대산업재해_예방을_위한_자율점검표(첨부_건설산재예방정책과),N/A,hwpx,B,Y,36b75ace34a732c8172a43e69178f0e269adc0ebe7801f26a281aa984f84befa,1716417,MOEL 정책자료실 배포본
data/forms/B_semi_official/moel_checklist/MOEL__자율점검표__화학업종_중소기업을_위한_안전보건관리_자율점검표__N_A.hwp,data/raw/moel_forms/policy_data/files/20220100395/화학업종 중소기업을 위한 안전보건관리 자율점검표.hwp,,MOEL,20220100395,자율점검표,화학업종 중소기업을 위한 안전보건관리 자율점검표,N/A,hwp,B,Y,ade43657e28cec493510d9f9d1140931cae5832a8ed393ceba724c713cbd2421,1843712,MOEL 정책자료실 배포본
data/forms/B_semi_official/moel_checklist/MOEL__자율점검표__화학업종_중소기업을_위한_안전보건관리_자율점검표__N_A.hwpx,data/raw/moel_forms/policy_data/files/20220100395/화학업종 중소기업을 위한 안전보건관리 자율점검표.hwpx,,MOEL,20220100395,자율점검표,화학업종 중소기업을 위한 안전보건관리 자율점검표,N/A,hwpx,B,Y,8d95af677c8b38866167fd364632983dd3b9353a9ca53f937dd0595ef26387e8,1844055,MOEL 정책자료실 배포본
data/forms/B_semi_official/moel_checklist/MOEL__자율점검표__중소기업을_위한_안전보건관리_자율점검표_임업__20220118.hwp,data/raw/moel_forms/policy_data/files/20220100720/220118_중소기업을 위한 안전보건관리 자율점검표_임업.hwp,,MOEL,20220100720,자율점검표,220118_중소기업을 위한 안전보건관리 자율점검표_임업,20220118,hwp,B,Y,4e8e9c9a063fd5c95e58972ec145f6781a8baf618bc6bb43e01795780cc6456a,13318144,MOEL 정책자료실 배포본
data/forms/B_semi_official/moel_checklist/MOEL__자율점검표__중소기업을_위한_안전보건관리_자율점검표_임업__20220118.hwpx,data/raw/moel_forms/policy_data/files/20220100720/220118_중소기업을 위한 안전보건관리 자율점검표_임업.hwpx,,MOEL,20220100720,자율점검표,220118_중소기업을 위한 안전보건관리 자율점검표_임업,20220118,hwpx,B,Y,7bc4ba163efc98ee794292d520d1e246d4098971e023c7955b4551dd32a46d9d,11767921,MOEL 정책자료실 배포본
data/forms/B_semi_official/moel_checklist/MOEL__자율점검표__중소기업을_위한_안전보건관리_자율점검표_사업시설관리업_최종__N_A.hwp,data/raw/moel_forms/policy_data/files/20220200959/중소기업을 위한 안전보건관리 자율점검표_사업시설관리업(최종).hwp,,MOEL,20220200959,자율점검표,중소기업을 위한 안전보건관리 자율점검표_사업시설관리업(최종),N/A,hwp,B,Y,46dbc75a547122b26e5b551335ef48ed71a3925853c2d9904bc638c80b0971d5,2003456,MOEL 정책자료실 배포본
data/forms/B_semi_official/moel_checklist/MOEL__자율점검표__중소기업을_위한_안전보건관리_자율점검표_사업시설관리업_최종__N_A.hwpx,data/raw/moel_forms/policy_data/files/20220200959/중소기업을 위한 안전보건관리 자율점검표_사업시설관리업(최종).hwpx,,MOEL,20220200959,자율점검표,중소기업을 위한 안전보건관리 자율점검표_사업시설관리업(최종),N/A,hwpx,B,Y,d6303bd004ab249742f775dc8b970ad5a78a28f7fc2921dfc794c5cdc862aa3c,1809161,MOEL 정책자료실 배포본
data/forms/B_semi_official/moel_guide/MOEL__가이드__2022년_안전보건교육안내서__N_A.hwp,data/raw/moel_forms/policy_data/files/20220200966/2022년 안전보건교육안내서.hwp,,MOEL,20220200966,가이드,2022년 안전보건교육안내서,N/A,hwp,B,Y,dc85b2fc2505776af6a0dce067d6158dddf20aa5ce36210982657ea55b0be2e2,7812608,MOEL 정책자료실 배포본
data/forms/B_semi_official/moel_guide/MOEL__가이드__2022년_안전보건교육안내서__N_A.hwpx,data/raw/moel_forms/policy_data/files/20220200966/2022년 안전보건교육안내서.hwpx,,MOEL,20220200966,가이드,2022년 안전보건교육안내서,N/A,hwpx,B,Y,bcfa85b0402b70fc4b4e210ab63a30c744c8853a816be72e59825d0ff296e422,11859372,MOEL 정책자료실 배포본
data/forms/B_semi_official/moel_checklist/MOEL__자율점검표__채석업종을_위한_안전보건관리체계_자율점검표__20220310.hwp,data/raw/moel_forms/policy_data/files/20220300558/220310 채석업종을 위한 안전보건관리체계 자율점검표.hwp,,MOEL,20220300558,자율점검표,220310 채석업종을 위한 안전보건관리체계 자율점검표,20220310,hwp,B,Y,92c496a7d40ae256af7933a930461f5d1a02f751e4fbeb52258fe6093b9cb14c,1851904,MOEL 정책자료실 배포본
data/forms/B_semi_official/moel_checklist/MOEL__자율점검표__채석업종을_위한_안전보건관리체계_자율점검표__20220310.hwpx,data/raw/moel_forms/policy_data/files/20220300558/220310 채석업종을 위한 안전보건관리체계 자율점검표.hwpx,,MOEL,20220300558,자율점검표,220310 채석업종을 위한 안전보건관리체계 자율점검표,20220310,hwpx,B,Y,d03c0797c8878f803e46c60f8c43c0036c84c83f94a264c4861295d7da81665d,1710547,MOEL 정책자료실 배포본
data/forms/B_semi_official/moel_guide/MOEL__가이드__활용_서식_모음_중대재해처벌법_따라하기_안내서__N_A.hwp,data/raw/moel_forms/policy_data/files/20220300830/활용 서식 모음_'중대재해처벌법 따라하기' 안내서.hwp,,MOEL,20220300830,가이드,활용 서식 모음_'중대재해처벌법 따라하기' 안내서,N/A,hwp,B,Y,e94d8d8a271c148973111ff0c74b4d67ba2f9884aff59e87301e261b5794aefe,897024,MOEL 정책자료실 배포본
data/forms/B_semi_official/moel_guide/MOEL__가이드__활용_서식_모음_중대재해처벌법_따라하기_안내서__N_A.hwpx,data/raw/moel_forms/policy_data/files/20220300830/활용 서식 모음_'중대재해처벌법 따라하기' 안내서.hwpx,,MOEL,20220300830,가이드,활용 서식 모음_'중대재해처벌법 따라하기' 안내서,N/A,hwpx,B,Y,8cd834bc7ce55f1b1c65fc7be32fd3f1cd6eeb7afbb7b40bc07f7efe249305bd,765680,MOEL 정책자료실 배포본
data/forms/B_semi_official/moel_checklist/MOEL__자율점검표__물질안전보건자료_MSDS_이행실태_자율점검표__N_A.hwp,data/raw/moel_forms/policy_data/files/20220401598/물질안전보건자료(MSDS) 이행실태 자율점검표.hwp,,MOEL,20220401598,자율점검표,물질안전보건자료(MSDS) 이행실태 자율점검표,N/A,hwp,B,Y,0471da023339814e10796863567d8676817258a94f52a62b83555ed2c4c3cb58,130048,MOEL 정책자료실 배포본
data/forms/B_semi_official/moel_checklist/MOEL__자율점검표__물질안전보건자료_MSDS_이행실태_자율점검표__N_A.hwpx,data/raw/moel_forms/policy_data/files/20220401598/물질안전보건자료(MSDS) 이행실태 자율점검표.hwpx,,MOEL,20220401598,자율점검표,물질안전보건자료(MSDS) 이행실태 자율점검표,N/A,hwpx,B,Y,b3e39bdf28f919f045e902c98acd28b726b1f38237bb598200d4b720de180b54,123924,MOEL 정책자료실 배포본
data/forms/B_semi_official/moel_checklist/MOEL__자율점검표__인쇄본_중소_건설현장을_위한_사망사고_기인물_자율점검표_-__N_A.hwp,data/raw/moel_forms/policy_data/files/20220600492/[인쇄본] 중소 건설현장을 위한 사망사고 기인물 자율점검표 - 편집.hwp,,MOEL,20220600492,자율점검표,[인쇄본] 중소 건설현장을 위한 사망사고 기인물 자율점검표 - 편집,N/A,hwp,B,Y,35f802150015a8c49d1f5556a230f99e335439f469e4d41e13d5a53b5f1de9e0,6353920,MOEL 정책자료실 배포본
data/forms/B_semi_official/moel_checklist/MOEL__자율점검표__인쇄본_중소_건설현장을_위한_사망사고_기인물_자율점검표_-__N_A.hwpx,data/raw/moel_forms/policy_data/files/20220600492/[인쇄본] 중소 건설현장을 위한 사망사고 기인물 자율점검표 - 편집.hwpx,,MOEL,20220600492,자율점검표,[인쇄본] 중소 건설현장을 위한 사망사고 기인물 자율점검표 - 편집,N/A,hwpx,B,Y,005457a6a06e742211f1f6915552f71556158dc907a65d3ce9f185fc88ba0f9a,11072653,MOEL 정책자료실 배포본
data/forms/B_semi_official/moel_checklist/MOEL__자율점검표__안전보건_의무_이행점검_및_평가개선_점검표__N_A.hwp,data/raw/moel_forms/policy_data/files/20220601094/안전보건 의무 이행점검 및 평가개선 점검표.hwp,,MOEL,20220601094,자율점검표,안전보건 의무 이행점검 및 평가개선 점검표,N/A,hwp,B,Y,874d5d6c37c9b57444682cf66809ba1cad3f5ab1ff4837aaaf2e396a8e88cea9,81920,MOEL 정책자료실 배포본
data/forms/B_semi_official/moel_checklist/MOEL__자율점검표__안전보건_의무_이행점검_및_평가개선_점검표__N_A.hwpx,data/raw/moel_forms/policy_data/files/20220601094/안전보건 의무 이행점검 및 평가개선 점검표.hwpx,,MOEL,20220601094,자율점검표,안전보건 의무 이행점검 및 평가개선 점검표,N/A,hwpx,B,Y,d0d117405b20592758ac094056368603e3d41cc0b452817c09fca0f29d9d32fa,73656,MOEL 정책자료실 배포본
data/forms/B_semi_official/moel_checklist/MOEL__자율점검표__식품가공용_기계_자율안전점검표__N_A.hwp,data/raw/moel_forms/policy_data/files/20221100163/식품가공용 기계 자율안전점검표.hwp,,MOEL,20221100163,자율점검표,식품가공용 기계 자율안전점검표,N/A,hwp,B,Y,c857de204e6867098d88f63db92d907c34a45372341b1861e50690c98dd10b7c,1637888,MOEL 정책자료실 배포본
data/forms/B_semi_official/moel_checklist/MOEL__자율점검표__식품가공용_기계_자율안전점검표__N_A.hwpx,data/raw/moel_forms/policy_data/files/20221100163/식품가공용 기계 자율안전점검표.hwpx,,MOEL,20221100163,자율점검표,식품가공용 기계 자율안전점검표,N/A,hwpx,B,Y,58188962e8a5a683e9b77ab83cceb8227765dc31840ff1060e5250780e8b5ad3,1610856,MOEL 정책자료실 배포본
data/forms/B_semi_official/moel_checklist/MOEL__자율점검표__2_위험요인별_점검표__N_A.hwp,data/raw/moel_forms/policy_data/files/20230401190/2. 위험요인별 점검표.hwp,,MOEL,20230401190,자율점검표,2. 위험요인별 점검표,N/A,hwp,B,Y,91818a025445933aa23179fa417c1ead30b310cc42284cb9d4116fc0d6df4ff2,2268672,MOEL 정책자료실 배포본
data/forms/B_semi_official/moel_checklist/MOEL__자율점검표__2_위험요인별_점검표__N_A.hwpx,data/raw/moel_forms/policy_data/files/20230401190/2. 위험요인별 점검표.hwpx,,MOEL,20230401190,자율점검표,2. 위험요인별 점검표,N/A,hwpx,B,Y,6818efff6515543317db5cc6b3bd3e79b3ece0935e0a1eb9159c07818a4846d0,2222100,MOEL 정책자료실 배포본
data/forms/B_semi_official/moel_checklist/MOEL__자율점검표__건설현장_사망사고_핵심_위험요인_자율점검표__N_A.hwp,data/raw/moel_forms/policy_data/files/20230600668/★ 건설현장 사망사고 핵심 위험요인 자율점검표.hwp,,MOEL,20230600668,자율점검표,★ 건설현장 사망사고 핵심 위험요인 자율점검표,N/A,hwp,B,Y,98c086d9516cb2f92c29d2cad344c8feced7dafaaca70900795593d441490a73,101193216,MOEL 정책자료실 배포본
data/forms/B_semi_official/moel_checklist/MOEL__자율점검표__건설현장_사망사고_핵심_위험요인_자율점검표__N_A.hwpx,data/raw/moel_forms/policy_data/files/20230600668/★ 건설현장 사망사고 핵심 위험요인 자율점검표.hwpx,,MOEL,20230600668,자율점검표,★ 건설현장 사망사고 핵심 위험요인 자율점검표,N/A,hwpx,B,Y,4b8d27b0ea24a38e47443359dd5c1dec795a740a19d9793e1e88732cb4f25c61,96439807,MOEL 정책자료실 배포본
data/forms/B_semi_official/moel_guide/MOEL__안내서__소규모_사업장을_위한_위험성평가_안내서_최종__20230918.hwp,data/raw/moel_forms/policy_data/files/20230900922/230918 소규모 사업장을 위한 위험성평가 안내서(최종).hwp,,MOEL,20230900922,안내서,230918 소규모 사업장을 위한 위험성평가 안내서(최종),20230918,hwp,B,Y,506e44b69b4a9ec79557d4eae6625ea19d4c08a326b27445e81dba1b2c855675,57412096,MOEL 정책자료실 배포본
data/forms/B_semi_official/moel_guide/MOEL__안내서__소규모_사업장을_위한_위험성평가_안내서_최종__20230918.hwpx,data/raw/moel_forms/policy_data/files/20230900922/230918 소규모 사업장을 위한 위험성평가 안내서(최종).hwpx,,MOEL,20230900922,안내서,230918 소규모 사업장을 위한 위험성평가 안내서(최종),20230918,hwpx,B,Y,d26e9e4ebae600fc2aa3693a58b66d2f8e50b221b1920621e2f52ae6094e6c4a,52276823,MOEL 정책자료실 배포본
data/forms/A_official/licbyl/MOEL__별지__붙임2_별지_제31호서식_유해_위험작업_도급승인_신청서_산업안전보건법__N_A.hwp,data/raw/moel_forms/policy_data/files/20240400787/[붙임2]_[별지 제31호서식] 유해ㆍ위험작업 도급승인 신청서(산업안전보건법 시행규칙).hwp,,MOEL,20240400787,별지,[붙임2]_[별지 제31호서식] 유해ㆍ위험작업 도급승인 신청서(산업안전보건법 시행규칙),N/A,hwp,A,N,f7c7b2f9bda3c23ea6abebf92285e0e8ba9a5625d4e4965d55c7c2ffbbaa1543,18944,MOEL 정책자료실 배포본
data/forms/A_official/licbyl/MOEL__별지__붙임2_별지_제31호서식_유해_위험작업_도급승인_신청서_산업안전보건법__N_A.hwpx,data/raw/moel_forms/policy_data/files/20240400787/[붙임2]_[별지 제31호서식] 유해ㆍ위험작업 도급승인 신청서(산업안전보건법 시행규칙).hwpx,,MOEL,20240400787,별지,[붙임2]_[별지 제31호서식] 유해ㆍ위험작업 도급승인 신청서(산업안전보건법 시행규칙),N/A,hwpx,A,N,f0384dbb7869c3611c4dfcb82d8f9a3f9de1ac5322f0e2700fe2fd57f3c1b1ba,49794,MOEL 정책자료실 배포본
data/forms/A_official/licbyl/MOEL__별지__붙임3_별지_제33호서식_유해_위험작업_도급승인_변경신청서_산업안전보건법__N_A.hwp,data/raw/moel_forms/policy_data/files/20240400787/[붙임3]_[별지 제33호서식] 유해ㆍ위험작업 도급승인 변경신청서(산업안전보건법_0d91499c.hwp,,MOEL,20240400787,별지,[붙임3]_[별지 제33호서식] 유해ㆍ위험작업 도급승인 변경신청서(산업안전보건법_0d91499c,N/A,hwp,A,N,c9cdc2ddeeaf616ff50b3153c1688ff00bd4bdfed823fa1d4fc39879cdef16db,19456,MOEL 정책자료실 배포본
data/forms/A_official/licbyl/MOEL__별지__붙임3_별지_제33호서식_유해_위험작업_도급승인_변경신청서_산업안전보건법__N_A.hwpx,data/raw/moel_forms/policy_data/files/20240400787/[붙임3]_[별지 제33호서식] 유해ㆍ위험작업 도급승인 변경신청서(산업안전보건법_0d91499c.hwpx,,MOEL,20240400787,별지,[붙임3]_[별지 제33호서식] 유해ㆍ위험작업 도급승인 변경신청서(산업안전보건법_0d91499c,N/A,hwpx,A,N,368448cb57f4e8c47354a77624de7f584da5e41062d11179fcfb4491fafc82ab,50038,MOEL 정책자료실 배포본
data/forms/B_semi_official/moel_guide/MOEL__TBM__작업_전_안전점검회의_TBM_의_안전보건_정기교육_시간__N_A.hwp,data/raw/moel_forms/policy_data/files/20240401662/작업 전 안전점검회의(TBM)의 안전보건 정기교육 시간 인정에 관한 지침.hwp,,MOEL,20240401662,TBM,작업 전 안전점검회의(TBM)의 안전보건 정기교육 시간 인정에 관한 지침,N/A,hwp,B,Y,ca61f9bcf5fd40b108fae81477036d8bb882ff4d8e7a6c3f58a30ab705fdddc0,489984,MOEL 정책자료실 배포본
data/forms/B_semi_official/moel_guide/MOEL__TBM__작업_전_안전점검회의_TBM_의_안전보건_정기교육_시간__N_A.hwpx,data/raw/moel_forms/policy_data/files/20240401662/작업 전 안전점검회의(TBM)의 안전보건 정기교육 시간 인정에 관한 지침.hwpx,,MOEL,20240401662,TBM,작업 전 안전점검회의(TBM)의 안전보건 정기교육 시간 인정에 관한 지침,N/A,hwpx,B,Y,397c352b35737f2af6a54855bb8300c0fbbaec98de9ac0053f78af9f4935433f,454458,MOEL 정책자료실 배포본
data/forms/B_semi_official/moel_guide/MOEL__가이드__발파_해체공법_중심_해체공사_안전작업_가이드_배포용__N_A.hwp,data/raw/moel_forms/policy_data/files/20260300895/발파·해체공법 중심 해체공사 안전작업 가이드(배포용).hwp,,MOEL,20260300895,가이드,발파·해체공법 중심 해체공사 안전작업 가이드(배포용),N/A,hwp,B,Y,a3caff6798fc27d3ef44819d28de5ecc89c78f352f36bc816ffdf515160e953d,46889472,MOEL 정책자료실 배포본
data/forms/B_semi_official/moel_guide/MOEL__가이드__발파_해체공법_중심_해체공사_안전작업_가이드_배포용__N_A.hwpx,data/raw/moel_forms/policy_data/files/20260300895/발파·해체공법 중심 해체공사 안전작업 가이드(배포용).hwpx,,MOEL,20260300895,가이드,발파·해체공법 중심 해체공사 안전작업 가이드(배포용),N/A,hwpx,B,Y,a9b4304f4b523d02e2596e63357d972f1cddba6916e55e3f0211ba415ed168d7,41825123,MOEL 정책자료실 배포본
data/forms/B_semi_official/moel_guide/MOEL__안내서__건설업_위험성평가_활용가이드__N_A.hwp,data/raw/moel_forms/policy_data/files/7589/건설업 위험성평가 활용가이드.hwp,,MOEL,7589,안내서,건설업 위험성평가 활용가이드,N/A,hwp,B,Y,988c037d6733dbc429a6bc744ea3f7895213a9232b7ea8c555c4a55de9efb8d5,114688,MOEL 정책자료실 배포본
data/forms/B_semi_official/moel_guide/MOEL__안내서__건설업_위험성평가_활용가이드__N_A.hwpx,data/raw/moel_forms/policy_data/files/7589/건설업 위험성평가 활용가이드.hwpx,,MOEL,7589,안내서,건설업 위험성평가 활용가이드,N/A,hwpx,B,Y,f26d3b68a455f529d0cebe6fa0c067df2ba819dedab1e92ea50d5d55e8bfc789,91970,MOEL 정책자료실 배포본
data/forms/A_official/kras/KOSHA__표준안__위험성평가_표준안_경비__N_A.xls,참조자료/위험성평가 표준안(경비).xls,,KOSHA,참조자료,표준안,위험성평가 표준안(경비),N/A,xls,A,Y,b31b471dee488bb2bbad2750d788119da1b6af61b45155596ad67eb4762bb64c,99328,KRAS 17컬럼 원형 (경비업)
data/forms/A_official/regulation/INTERNAL__규정__표준실시규정__N_A.docx,참조자료/표준실시규정.docx,,INTERNAL,참조자료,규정,표준실시규정,N/A,docx,A,Y,325bbc612697e9318e77d7119e477ac3427d00e9aaff148918ed6d42e60860e8,141719,산안법 제36조 기반 실시규정 표준문서
data/forms/B_semi_official/ref_template/INTERNAL__본표__위험성평가표_공문기반_20250114_v2__20250114.xlsx,export/위험성평가표_공문기반_20250114_v2.xlsx,,INTERNAL,export,본표,위험성평가표_공문기반_20250114_v2,20250114,xlsx,A,Y,9119c00d66b180644bae4e78aa12a4a2e93be1ec1972b910c1a8145245f6b6c0,12488,공문기반 16컬럼 본표 v2 — 본 프로젝트 준공식 준거
data/forms/C_field_practice/internal_draft/INTERNAL__본표__위험성평가표_공문기반_20250114__20250114.xlsx,export/위험성평가표_공문기반_20250114.xlsx,,INTERNAL,export,본표,위험성평가표_공문기반_20250114,20250114,xlsx,B,N,3fbc229aac06092d2c3b76abc8403b1dc362d05c1b566f16eff17f72bc001eda,12690,공문기반 v1 선행본
data/forms/C_field_practice/compact/INTERNAL__본표_축약__위험성평가표_표준양식_테스트__N_A.xlsx,export/위험성평가표_표준양식_테스트.xlsx,,INTERNAL,export,본표_축약,위험성평가표_표준양식_테스트,N/A,xlsx,B,N,69c831fa6339ebbf4a2d750cbfb3df3bbe957e2144e15e9745df85fb538beea0,14788,KRAS 12컬럼 축약형
data/forms/C_field_practice/internal_test/INTERNAL__테스트__위험성평가표_최종__N_A.xlsx,export/위험성평가표_최종.xlsx,,INTERNAL,export,테스트,위험성평가표_최종,N/A,xlsx,C,N,d8cdb9d7297730cf3e3c1ba4269e9d4f1ec62db61a33b1c19fe604d244db1e5e,12018,엔진 출력 테스트
data/forms/C_field_practice/internal_test/INTERNAL__테스트__test__N_A.xlsx,export/test.xlsx,,INTERNAL,export,테스트,test,N/A,xlsx,C,N,c3110badb1768db0c56a7097d57d80c4ef005a55bee98564d774b56464c4e4b5,11009,최소 테스트 파일
data/forms/C_field_practice/internal_test/INTERNAL__테스트__test_output__N_A.xlsx,test_output.xlsx,,INTERNAL,15. 위험성평가표 자동생성기,테스트,test_output,N/A,xlsx,C,N,69ed1b699a9875deef1bad4884cdc95b7b576442bcf14114ae38be6c2b9fe1dc,6803,개발 샘플
data/forms/C_field_practice/internal_test/INTERNAL__테스트__test_output_v2__N_A.xlsx,test_output_v2.xlsx,,INTERNAL,15. 위험성평가표 자동생성기,테스트,test_output_v2,N/A,xlsx,C,N,89971f440fe4647764be91d9f8886f5834c31d6fef4bfa5e20eb854f2479eac8,11040,개발 샘플
data/forms/C_field_practice/internal_test/INTERNAL__테스트__test_output_final__N_A.xlsx,test_output_final.xlsx,,INTERNAL,15. 위험성평가표 자동생성기,테스트,test_output_final,N/A,xlsx,C,N,ee68abb019583ecefe12355f27704eea4fc221be94fd5724e87866514171ec06,11280,개발 샘플
data/forms/A_official/licbyl/LAW__별표__건설업체_산업재해발생률_및_산업재해_발생_보고의무_1__N_A.hwp,data/raw/law_api/licbyl/files/17853599/[별표 1] 건설업체 산업재해발생률 및 산업재해 발생 보고의무 위반건수의 산정 기준과 방법(제4조 관련)(산업안전보건법 시행규칙).hwp,https://www.law.go.kr/ (licbyl ID 17853599),LAW,17853599,별표,[별표 1] 건설업체 산업재해발생률 및 산업재해 발생 보고의무 위반건수의 산정 기준과 방법(제4조 관련)(산업안전보건법 시행규칙),N/A,hwp,A,Y,a5f7e0adcf481b655c0c22cca0b3424d49b253b989bd2ad21fd804121c5af807,76288,산업안전보건 법정 별지/별표 (2026-04-23 gap 확장 수집)
data/forms/A_official/licbyl/LAW__별표__건설업체_산업재해발생률_및_산업재해_발생_보고의무_1__N_A.pdf,data/raw/law_api/licbyl/files/17853599/[별표 1] 건설업체 산업재해발생률 및 산업재해 발생 보고의무 위반건수의 산정 기준과 방법(제4조 관련)(산업안전보건법 시행규칙).pdf,https://www.law.go.kr/ (licbyl ID 17853599),LAW,17853599,별표,[별표 1] 건설업체 산업재해발생률 및 산업재해 발생 보고의무 위반건수의 산정 기준과 방법(제4조 관련)(산업안전보건법 시행규칙),N/A,pdf,A,Y,bf2b23a4f0be7ee7f6b215c763780872860ad96197161d04d476ed8c0ddbe380,161584,산업안전보건 법정 별지/별표 (2026-04-23 gap 확장 수집)
data/forms/A_official/licbyl/LAW__별표__안전보건교육_교육과정별_교육시간_4__N_A.hwp,data/raw/law_api/licbyl/files/17853605/[별표 4] 안전보건교육 교육과정별 교육시간(제26조제1항 등 관련)(산업안전보건법 시행규칙).hwp,https://www.law.go.kr/ (licbyl ID 17853605),LAW,17853605,별표,[별표 4] 안전보건교육 교육과정별 교육시간(제26조제1항 등 관련)(산업안전보건법 시행규칙),N/A,hwp,A,Y,21b3498a4ac212dcc4753653825088262f9fac8a5d5ad532668706159b2b2b4e,67072,산업안전보건 법정 별지/별표 (2026-04-23 gap 확장 수집)
data/forms/A_official/licbyl/LAW__별표__안전보건교육_교육과정별_교육시간_4__N_A.pdf,data/raw/law_api/licbyl/files/17853605/[별표 4] 안전보건교육 교육과정별 교육시간(제26조제1항 등 관련)(산업안전보건법 시행규칙).pdf,https://www.law.go.kr/ (licbyl ID 17853605),LAW,17853605,별표,[별표 4] 안전보건교육 교육과정별 교육시간(제26조제1항 등 관련)(산업안전보건법 시행규칙),N/A,pdf,A,Y,1d944fd3a3cdd5941338c5fff2325c2b536b0b43eb8dfedc04189b8841791815,126656,산업안전보건 법정 별지/별표 (2026-04-23 gap 확장 수집)
data/forms/A_official/licbyl/LAW__별표__안전보건교육_교육대상별_교육내용_5__N_A.hwp,data/raw/law_api/licbyl/files/17853607/[별표 5] 안전보건교육 교육대상별 교육내용(제26조제1항 등 관련)(산업안전보건법 시행규칙).hwp,https://www.law.go.kr/ (licbyl ID 17853607),LAW,17853607,별표,[별표 5] 안전보건교육 교육대상별 교육내용(제26조제1항 등 관련)(산업안전보건법 시행규칙),N/A,hwp,A,Y,2c4a1157196c2b58e395845fb28a736937ffb00446ecb508324b131d29301256,75776,산업안전보건 법정 별지/별표 (2026-04-23 gap 확장 수집)
data/forms/A_official/licbyl/LAW__별표__안전보건교육_교육대상별_교육내용_5__N_A.pdf,data/raw/law_api/licbyl/files/17853607/[별표 5] 안전보건교육 교육대상별 교육내용(제26조제1항 등 관련)(산업안전보건법 시행규칙).pdf,https://www.law.go.kr/ (licbyl ID 17853607),LAW,17853607,별표,[별표 5] 안전보건교육 교육대상별 교육내용(제26조제1항 등 관련)(산업안전보건법 시행규칙),N/A,pdf,A,Y,5e28c6308f11da7b5e779097322268c4c00de0c0e65a6fcbe1ba1e37f3fa120e,299219,산업안전보건 법정 별지/별표 (2026-04-23 gap 확장 수집)
data/forms/A_official/licbyl/LAW__별지__통합_산업재해_현황_조사표_제1호서식__N_A.hwp,data/raw/law_api/licbyl/files/17853653/[별지 제1호서식] 통합 산업재해 현황 조사표(산업안전보건법 시행규칙).hwp,https://www.law.go.kr/ (licbyl ID 17853653),LAW,17853653,별지,[별지 제1호서식] 통합 산업재해 현황 조사표(산업안전보건법 시행규칙),N/A,hwp,A,Y,5f539a1f846e2206fac2e53da0ba10f0d050acbbf94234c98db18a3e1b1c9d70,62464,산업안전보건 법정 별지/별표 (2026-04-23 gap 확장 수집)
data/forms/A_official/licbyl/LAW__별지__통합_산업재해_현황_조사표_제1호서식__N_A.pdf,data/raw/law_api/licbyl/files/17853653/[별지 제1호서식] 통합 산업재해 현황 조사표(산업안전보건법 시행규칙).pdf,https://www.law.go.kr/ (licbyl ID 17853653),LAW,17853653,별지,[별지 제1호서식] 통합 산업재해 현황 조사표(산업안전보건법 시행규칙),N/A,pdf,A,Y,6534ec0a51ad32cf275ad936c7339011bf117e370be88a9dcbda3dd7fae08d27,167418,산업안전보건 법정 별지/별표 (2026-04-23 gap 확장 수집)
data/forms/A_official/licbyl/LAW__별지__근로자안전보건교육기관_제9호서식__N_A.hwp,data/raw/law_api/licbyl/files/17853677/[별지 제9호서식] 근로자안전보건교육기관(등록¸ 변경등록)신청서(산업안전보건법 시행규칙).hwp,https://www.law.go.kr/ (licbyl ID 17853677),LAW,17853677,별지,[별지 제9호서식] 근로자안전보건교육기관(등록¸ 변경등록)신청서(산업안전보건법 시행규칙),N/A,hwp,A,Y,af385b440fb7ed7a7ac1a4f21e8d63c3cc3f9511cc83dfc486555e9d159b0bf1,66560,산업안전보건 법정 별지/별표 (2026-04-23 gap 확장 수집)
data/forms/A_official/licbyl/LAW__별지__근로자안전보건교육기관_제9호서식__N_A.pdf,data/raw/law_api/licbyl/files/17853677/[별지 제9호서식] 근로자안전보건교육기관(등록¸ 변경등록)신청서(산업안전보건법 시행규칙).pdf,https://www.law.go.kr/ (licbyl ID 17853677),LAW,17853677,별지,[별지 제9호서식] 근로자안전보건교육기관(등록¸ 변경등록)신청서(산업안전보건법 시행규칙),N/A,pdf,A,Y,fbc86b93f22a6dd236fb0eab43f19ceda080b812a6085f94d035fdc196dbc29b,67481,산업안전보건 법정 별지/별표 (2026-04-23 gap 확장 수집)
data/forms/A_official/licbyl/LAW__별지__근로자안전보건교육기관_등록증_제11호서식__N_A.hwp,data/raw/law_api/licbyl/files/17853681/[별지 제11호서식] 근로자안전보건교육기관 등록증(산업안전보건법 시행규칙).hwp,https://www.law.go.kr/ (licbyl ID 17853681),LAW,17853681,별지,[별지 제11호서식] 근로자안전보건교육기관 등록증(산업안전보건법 시행규칙),N/A,hwp,A,Y,bd4b55725c0b3904aac770d5aee3722484458041a4384a27e0a17f60cdcadf76,14848,산업안전보건 법정 별지/별표 (2026-04-23 gap 확장 수집)
data/forms/A_official/licbyl/LAW__별지__근로자안전보건교육기관_등록증_제11호서식__N_A.pdf,data/raw/law_api/licbyl/files/17853681/[별지 제11호서식] 근로자안전보건교육기관 등록증(산업안전보건법 시행규칙).pdf,https://www.law.go.kr/ (licbyl ID 17853681),LAW,17853681,별지,[별지 제11호서식] 근로자안전보건교육기관 등록증(산업안전보건법 시행규칙),N/A,pdf,A,Y,febd49712657e6249620dce06d68292867b69212c62b024050c8628fd621b6c5,32951,산업안전보건 법정 별지/별표 (2026-04-23 gap 확장 수집)
data/forms/A_official/licbyl/LAW__별지__건설업_기초안전_보건교육기관_제13호서식__N_A.hwp,data/raw/law_api/licbyl/files/17853685/[별지 제13호서식] 건설업 기초안전ㆍ보건교육기관(등록¸ 변경)신청서(산업안전보건법 시행규칙).hwp,https://www.law.go.kr/ (licbyl ID 17853685),LAW,17853685,별지,[별지 제13호서식] 건설업 기초안전ㆍ보건교육기관(등록¸ 변경)신청서(산업안전보건법 시행규칙),N/A,hwp,A,Y,dad6566536fb0d10d58ce48efbc503dff0333170240b36ed1cab01eafb7fe5b0,59904,산업안전보건 법정 별지/별표 (2026-04-23 gap 확장 수집)
data/forms/A_official/licbyl/LAW__별지__건설업_기초안전_보건교육기관_제13호서식__N_A.pdf,data/raw/law_api/licbyl/files/17853685/[별지 제13호서식] 건설업 기초안전ㆍ보건교육기관(등록¸ 변경)신청서(산업안전보건법 시행규칙).pdf,https://www.law.go.kr/ (licbyl ID 17853685),LAW,17853685,별지,[별지 제13호서식] 건설업 기초안전ㆍ보건교육기관(등록¸ 변경)신청서(산업안전보건법 시행규칙),N/A,pdf,A,Y,e7569bd0f8a433d1c26b780f7f2377a949bbeee1682e07d8030b386a5bf97374,59224,산업안전보건 법정 별지/별표 (2026-04-23 gap 확장 수집)
data/forms/A_official/licbyl/LAW__별지__건설업_기초안전_보건교육기관_등록증_제14호서식__N_A.hwp,data/raw/law_api/licbyl/files/17853687/[별지 제14호서식] 건설업 기초안전ㆍ보건교육기관 등록증(산업안전보건법 시행규칙).hwp,https://www.law.go.kr/ (licbyl ID 17853687),LAW,17853687,별지,[별지 제14호서식] 건설업 기초안전ㆍ보건교육기관 등록증(산업안전보건법 시행규칙),N/A,hwp,A,Y,eb1f9a967a882c062fe17af6d9659fcc3f4e90318863ba43c3fdfebb6c733f48,15360,산업안전보건 법정 별지/별표 (2026-04-23 gap 확장 수집)
data/forms/A_official/licbyl/LAW__별지__건설업_기초안전_보건교육기관_등록증_제14호서식__N_A.pdf,data/raw/law_api/licbyl/files/17853687/[별지 제14호서식] 건설업 기초안전ㆍ보건교육기관 등록증(산업안전보건법 시행규칙).pdf,https://www.law.go.kr/ (licbyl ID 17853687),LAW,17853687,별지,[별지 제14호서식] 건설업 기초안전ㆍ보건교육기관 등록증(산업안전보건법 시행규칙),N/A,pdf,A,Y,7dad228b3c8d7a991b1a661295d4014188c721b21b0604195ed4805fc71751b0,33473,산업안전보건 법정 별지/별표 (2026-04-23 gap 확장 수집)
data/forms/A_official/licbyl/LAW__별지__산업재해조사표_제30호서식__N_A.hwp,data/raw/law_api/licbyl/files/17853719/[별지 제30호서식] 산업재해조사표(산업안전보건법 시행규칙).hwp,https://www.law.go.kr/ (licbyl ID 17853719),LAW,17853719,별지,[별지 제30호서식] 산업재해조사표(산업안전보건법 시행규칙),N/A,hwp,A,Y,baffafb255ee7f5062857b0925f46b6f4ea3815916efe2bdee77ae9c5c47946e,88576,산업안전보건 법정 별지/별표 (2026-04-23 gap 확장 수집)
data/forms/A_official/licbyl/LAW__별지__산업재해조사표_제30호서식__N_A.pdf,data/raw/law_api/licbyl/files/17853719/[별지 제30호서식] 산업재해조사표(산업안전보건법 시행규칙).pdf,https://www.law.go.kr/ (licbyl ID 17853719),LAW,17853719,별지,[별지 제30호서식] 산업재해조사표(산업안전보건법 시행규칙),N/A,pdf,A,Y,39bd7343bc65ae2cd38194b86ab58b28dc6a86641d10191304c2156d35bad468,147682,산업안전보건 법정 별지/별표 (2026-04-23 gap 확장 수집)
data/forms/A_official/licbyl/LAW__별지__안전인증대상기계등_제조업체_자율안전확인대상기계등_제조업체_산업재해다발_기계_제55호서식__N_A.hwp,data/raw/law_api/licbyl/files/17853769/[별지 제55호서식] [안전인증대상기계등 제조업체¸ 자율안전확인대상기계등 제조업체¸ 산업재해다발 기계ㆍ기구 및 설비등제조업체¸ 국소배기장치 및 전체환기장치 시설업체¸ 소음ㆍ진동 방지장치 시설업체(등록¸ 변경)]신청서(산업안전보건법 시행규칙).hwp,https://www.law.go.kr/ (licbyl ID 17853769),LAW,17853769,별지,[별지 제55호서식] [안전인증대상기계등 제조업체¸ 자율안전확인대상기계등 제조업체¸ 산업재해다발 기계ㆍ기구 및 설비등제조업체¸ 국소배기장치 및 전체환기장치 시설업체¸ 소음ㆍ진동 방지장치 시설업체(등록¸ 변경)]신청서(산업안전보건법 시행규칙),N/A,hwp,A,Y,1dc0217ea503e825c73b34ce65b24f2819cc11823a271e17f2b81ccc56139c69,61440,산업안전보건 법정 별지/별표 (2026-04-23 gap 확장 수집)
data/forms/A_official/licbyl/LAW__별지__안전인증대상기계등_제조업체_자율안전확인대상기계등_제조업체_산업재해다발_기계_제55호서식__N_A.pdf,data/raw/law_api/licbyl/files/17853769/[별지 제55호서식] [안전인증대상기계등 제조업체¸ 자율안전확인대상기계등 제조업체¸ 산업재해다발 기계ㆍ기구 및 설비등제조업체¸ 국소배기장치 및 전체환기장치 시설업체¸ 소음ㆍ진동 방지장치 시설업체(등록¸ 변경)]신청서(산업안전보건법 시행규칙).pdf,https://www.law.go.kr/ (licbyl ID 17853769),LAW,17853769,별지,[별지 제55호서식] [안전인증대상기계등 제조업체¸ 자율안전확인대상기계등 제조업체¸ 산업재해다발 기계ㆍ기구 및 설비등제조업체¸ 국소배기장치 및 전체환기장치 시설업체¸ 소음ㆍ진동 방지장치 시설업체(등록¸ 변경)]신청서(산업안전보건법 시행규칙),N/A,pdf,A,Y,6f9c43ef341b8c5f03c3edd4dff70952312891773d799acfadb20eee4880f417,60085,산업안전보건 법정 별지/별표 (2026-04-23 gap 확장 수집)
data/forms/A_official/licbyl/LAW__별표__근로자안전보건교육기관의_인력_시설_및_장비_등_10__N_A.hwp,data/raw/law_api/licbyl/files/18014279/[별표 10] 근로자안전보건교육기관의 인력ㆍ시설 및 장비 등 기준(제40조제1항 관련)(산업안전보건법 시행령).hwp,https://www.law.go.kr/ (licbyl ID 18014279),LAW,18014279,별표,[별표 10] 근로자안전보건교육기관의 인력ㆍ시설 및 장비 등 기준(제40조제1항 관련)(산업안전보건법 시행령),N/A,hwp,A,Y,4055660235f398115d50ee38537b6dad471c6dd1035475e1f310b8b4ccee37f2,59392,산업안전보건 법정 별지/별표 (2026-04-23 gap 확장 수집)
data/forms/A_official/licbyl/LAW__별표__근로자안전보건교육기관의_인력_시설_및_장비_등_10__N_A.pdf,data/raw/law_api/licbyl/files/18014279/[별표 10] 근로자안전보건교육기관의 인력ㆍ시설 및 장비 등 기준(제40조제1항 관련)(산업안전보건법 시행령).pdf,https://www.law.go.kr/ (licbyl ID 18014279),LAW,18014279,별표,[별표 10] 근로자안전보건교육기관의 인력ㆍ시설 및 장비 등 기준(제40조제1항 관련)(산업안전보건법 시행령),N/A,pdf,A,Y,a7454481817c4489d248da696a30b36bc81b08a286bd3731927265bb95b517c8,140110,산업안전보건 법정 별지/별표 (2026-04-23 gap 확장 수집)
data/forms/A_official/licbyl/LAW__별표__건설업_기초안전보건교육을_하려는_기관의_인력_시설_11__N_A.hwp,data/raw/law_api/licbyl/files/18014281/[별표 11] 건설업 기초안전보건교육을 하려는 기관의 인력ㆍ시설 및 장비 기준(제40조제2항 관련)(산업안전보건법 시행령).hwp,https://www.law.go.kr/ (licbyl ID 18014281),LAW,18014281,별표,[별표 11] 건설업 기초안전보건교육을 하려는 기관의 인력ㆍ시설 및 장비 기준(제40조제2항 관련)(산업안전보건법 시행령),N/A,hwp,A,Y,fc97aca2687f2492da0268ab8f91417373bc84e344171dfe416be3397b2e6da8,15872,산업안전보건 법정 별지/별표 (2026-04-23 gap 확장 수집)
data/forms/A_official/licbyl/LAW__별표__건설업_기초안전보건교육을_하려는_기관의_인력_시설_11__N_A.pdf,data/raw/law_api/licbyl/files/18014281/[별표 11] 건설업 기초안전보건교육을 하려는 기관의 인력ㆍ시설 및 장비 기준(제40조제2항 관련)(산업안전보건법 시행령).pdf,https://www.law.go.kr/ (licbyl ID 18014281),LAW,18014281,별표,[별표 11] 건설업 기초안전보건교육을 하려는 기관의 인력ㆍ시설 및 장비 기준(제40조제2항 관련)(산업안전보건법 시행령),N/A,pdf,A,Y,b43fb9de4476fd583d404de30a53c5859d3d9d0e47c99ddf40c1ac7d73c87ffa,105752,산업안전보건 법정 별지/별표 (2026-04-23 gap 확장 수집)
data/forms/B_semi_official/kosha_form/KOSHA__작업계획서__작업계획서_및_안전교육일지_조선업_본선용__N_A.doc,data/raw/kosha_external/work_plan/작업계획서_및_안전교육일지[KCTC].doc,https://oshri.kosha.or.kr/kosha/data/shipbuilding_A.do?mode=download&articleNo=327835&attachNo=171689,KOSHA,KOSHA 조선업 자료실 (articleNo=327835),작업계획서,작업계획서 및 안전교육일지 (조선업 본선용),N/A,doc,B,N,c20cd164c3a87f96b75ddb2c657f3c39b552226d35a4a91edc49960eb2b8554a,177664,외부 수집 2026-04-23 (work_plan) — KOSHA 조선업 자료실 (articleNo=327835)
data/forms/B_semi_official/kosha_form/KOSHA__작업계획서__건설현장_중량물_취급_작업계획서_이동식_크레인_작성지침_C-102-2023__2023.pdf,data/raw/kosha_external/hoisting/C-102-2023 건설현장의 중량물 취급 작업계획서 (이동식크레인) 작성지침.pdf,https://oshri.kosha.or.kr/extappKosha/kosha/guidance/fileDownload.do?sfhlhTchnlgyManualNo=C-102-2023&fileOrdrNo=2,KOSHA,KOSHA Guide C-102-2023,작업계획서,건설현장 중량물 취급 작업계획서 (이동식 크레인) 작성지침 C-102-2023,2023,pdf,B,N,47cc9b94ee9ac67a62653ffce0ff056762daa0cbc541e20746e604a2f40b853e,227298,외부 수집 2026-04-23 (hoisting) — KOSHA Guide C-102-2023
data/forms/B_semi_official/kosha_form/KOSHA__작업계획서__전기작업계획서_작성에_관한_기술지침_E-154-2016__2016.pdf,data/raw/kosha_external/work_plan/E-154-2016 전기작업계획서의 작성에 관한 기술지침.pdf,https://oshri.kosha.or.kr/extappKosha/kosha/guidance/fileDownload.do?sfhlhTchnlgyManualNo=E-154-2016&fileOrdrNo=3,KOSHA,KOSHA Guide E-154-2016,작업계획서,전기작업계획서 작성에 관한 기술지침 E-154-2016,2016,pdf,B,N,6e5a4371ae7678ba84ee5467623ebaa58f1cbd9d6439063fd7216300c62de8e4,281647,외부 수집 2026-04-23 (work_plan) — KOSHA Guide E-154-2016
data/forms/B_semi_official/kosha_form/KOSHA__작업계획서__굴착공사_안전작업_지침_C-39-2023__2023.pdf,data/raw/kosha_external/excavation/C-39-2023 굴착공사 안전작업 지침.pdf,https://oshri.kosha.or.kr/extappKosha/kosha/guidance/fileDownload.do?sfhlhTchnlgyManualNo=C-39-2023&fileOrdrNo=2,KOSHA,KOSHA Guide C-39-2023,작업계획서,굴착공사 안전작업 지침 C-39-2023,2023,pdf,B,N,75c50c85a5e22dbb43cee0c2ee6f6c54df68c474a11c24f4909b44709284884c,156484,외부 수집 2026-04-23 (excavation) — KOSHA Guide C-39-2023
data/forms/B_semi_official/kosha_form/KOSHA__작업계획서__차량형_고소작업대_안전작업_자료_재해_사례_및_작업계획서__N_A.pdf,data/raw/kosha_external/aerial_lift/(건설업)_고소작업대_작업_중_추락.pdf,https://oshri.kosha.or.kr/kosha/data/construction.do?mode=download&articleNo=453778&attachNo=260018,KOSHA,KOSHA 건설안전 자료실 (articleNo=453778),작업계획서,차량형 고소작업대 안전작업 자료 (재해 사례 및 작업계획서),N/A,pdf,B,N,83ef35c56d5e8600ff65eeb759a055b440e3efd67c60b317c5fcc328a878c4fa,190317,외부 수집 2026-04-23 (aerial_lift) — KOSHA 건설안전 자료실 (articleNo=453778)
data/forms/B_semi_official/kosha_form/KOSHA__작업계획서__안전관리계획_및_위험성평가_시저형_고소작업대_사용__N_A.pdf,data/raw/kosha_external/aerial_lift/204 ¾ÈÀü°ü¸®°èÈ¹ ¹× À§Çè¼ºÆò°¡_½ÃÀúÇü °í¼ÒÀÛ¾÷´ë »ç¿ë.pdf,https://oshri.kosha.or.kr/ebook/fcatalog/download.jsp?kd=feb&sdir=572&cimg=&fn=204+%EC%95%88%EC%A0%84%EA%B4%80%EB%A6%AC%EA%B3%84%ED%9A%8D+%EB%B0%8F+%EC%9C%84%ED%97%98%EC%84%B1%ED%8F%89%EA%B0%80_%EC%8B%9C%EC%A0%80%ED%98%95+%EA%B3%A0%EC%86%8C%EC%9E%91%EC%97%85%EB%8C%80+%EC%82%AC%EC%9A%A9.pdf,KOSHA,KOSHA e-book 572 (204),작업계획서,안전관리계획 및 위험성평가 — 시저형 고소작업대 사용,N/A,pdf,B,N,14c642ccad24e89b780a8a9709a706ec1b48acc3bc3929f488d5a1ca49bcad46,130921,외부 수집 2026-04-23 (aerial_lift) — KOSHA e-book 572 (204)
data/forms/B_semi_official/kosha_form/KOSHA__작업계획서__밀폐공간_작업_프로그램_수립_및_시행_기술지침_H-80-2021__2021.pdf,data/raw/kosha_external/confined_space/H-80-2021 밀폐공간 작업 프로그램 수립 및 시행에 관한 기술지침.pdf,https://oshri.kosha.or.kr/extappKosha/kosha/guidance/fileDownload.do?sfhlhTchnlgyManualNo=H-80-2021&fileOrdrNo=13,KOSHA,KOSHA Guide H-80-2021,작업계획서,밀폐공간 작업 프로그램 수립 및 시행 기술지침 H-80-2021,2021,pdf,B,N,7d1c42bca3eed0d6b04a2a1f5b9a84f4ae6d5502341ed235b092867b67822906,557239,외부 수집 2026-04-23 (confined_space) — KOSHA Guide H-80-2021
data/forms/B_semi_official/kosha_form/KOSHA__작업계획서__밀폐공간_위험관리_기술지침_X-68-2015__2015.pdf,data/raw/kosha_external/confined_space/X-68-2015 밀폐공간 위험관리에 관한 기술지침.pdf,https://oshri.kosha.or.kr/extappKosha/kosha/guidance/fileDownload.do?sfhlhTchnlgyManualNo=X-68-2015&fileOrdrNo=3,KOSHA,KOSHA Guide X-68-2015,작업계획서,밀폐공간 위험관리 기술지침 X-68-2015,2015,pdf,B,N,b48863b512d898a5a7f3748a23ef1852a0aec467d736f17910b41daec2078b6d,396962,외부 수집 2026-04-23 (confined_space) — KOSHA Guide X-68-2015
data/forms/B_semi_official/kosha_form/KOSHA__안전작업매뉴얼__밀폐공간_안전작업_매뉴얼__N_A.hwp,data/raw/kosha_external/confined_space/경기도_안전작업이행확인서_및_작업일지.hwp,https://oshri.kosha.or.kr/kosha/data/musculoskeletalPreventionData_A.do?mode=download&articleNo=296344&attachNo=166843,KOSHA,KOSHA 자료실 (articleNo=296344),안전작업매뉴얼,밀폐공간 안전작업 매뉴얼,N/A,hwp,B,N,24d0cab4888e83748f10c271e8f8116085d157bbd8082f3fd809a2cbe2e1f5cf,48128,외부 수집 2026-04-23 (confined_space) — KOSHA 자료실 (articleNo=296344)
data/forms/B_semi_official/kosha_form/KOSHA__작업계획서__안전작업허가지침_용접_화기_포함_P-94-2021__2021.pdf,data/raw/kosha_external/welding/P-94-2021 안전작업허가지침.pdf,https://oshri.kosha.or.kr/extappKosha/kosha/guidance/fileDownload.do?sfhlhTchnlgyManualNo=P-94-2021&fileOrdrNo=2,KOSHA,KOSHA Guide P-94-2021,작업계획서,안전작업허가지침 (용접·화기 포함) P-94-2021,2021,pdf,B,N,4ddac456593d9ce8e7504d59ebd527286d87728d66c15e809456b1a19d34bbda,477352,외부 수집 2026-04-23 (welding) — KOSHA Guide P-94-2021
data/forms/B_semi_official/kosha_form/KOSHA__TBM__작업허가_및_작업전_안전회의에_관한_지침_Z-5-2022__2022.pdf,data/raw/kosha_external/tbm/Z-5-2022_작업허가 및 작업전 안전회의에 관한 지침.pdf,https://oshri.kosha.or.kr/extappKosha/kosha/guidance/fileDownload.do?sfhlhTchnlgyManualNo=Z-5-2022&fileOrdrNo=2,KOSHA,KOSHA Guide Z-5-2022,TBM,작업허가 및 작업전 안전회의에 관한 지침 Z-5-2022,2022,pdf,B,N,7c56905ffd49085cfb96670015f5f2bb7c5f647f78a986476a2de51e2be01392,1438796,외부 수집 2026-04-23 (tbm) — KOSHA Guide Z-5-2022
data/forms/B_semi_official/kosha_form/KOSHA__TBM__TBM_실행_시나리오_및_회의록_양식__N_A.pdf,data/raw/kosha_external/tbm/TBM ½ÇÇà ½Ã³ª¸®¿À ¹× È¸ÀÇ·Ï ¾ç½Ä.pdf,https://kosha.or.kr/ebook/fcatalog/download.jsp?kd=feb&sdir=544&cimg=&fn=TBM+%EC%8B%A4%ED%96%89+%EC%8B%9C%EB%82%98%EB%A6%AC%EC%98%A4+%EB%B0%8F+%ED%9A%8C%EC%9D%98%EB%A1%9D+%EC%96%91%EC%8B%9D.pdf,KOSHA,KOSHA e-book 544,TBM,TBM 실행 시나리오 및 회의록 양식,N/A,pdf,B,N,302461b06f0b75a7007129013c685260d3c2c5d5dc84793655c17563a2357b03,56779,외부 수집 2026-04-23 (tbm) — KOSHA e-book 544
data/forms/A_official/licbyl/LAW__회의록__별표_2의2_산업안전보건위원회_회의록_양식_법정_별표__N_A.pdf,data/raw/kosha_external/committee/[별표 2의2] 산업안전보건위원회 회의록 양식(국가보훈부 안전보건관리규정).pdf,https://www.law.go.kr/LSW/flDownload.do?flSeq=138431615&flNm=%5B%EB%B3%84%ED%91%9C+2%EC%9D%982%5D+%EC%82%B0%EC%97%85%EC%95%88%EC%A0%84%EB%B3%B4%EA%B1%B4%EC%9C%84%EC%9B%90%ED%9A%8C+%ED%9A%8C%EC%9D%98%EB%A1%9D+%EC%96%91%EC%8B%9D&bylClsCd=200201,LAW,법령정보센터 flDownload (flSeq=138431615),회의록,[별표 2의2] 산업안전보건위원회 회의록 양식 (법정 별표),N/A,pdf,A,Y,e4c1d75cf11215579c33c7152a6c5695b1ae4aa5ed32f5ffc9e126a7dfc84ba9,44946,외부 수집 2026-04-23 (committee) — 법령정보센터 flDownload (flSeq=138431615)
data/forms/B_semi_official/kosha_form/KOSHA__작업계획서__안전작업절차에_관한_지침_Z-47-2022__2022.pdf,data/raw/kosha_external/general/Z-47-2022_안전작업절차에 관한 지침.pdf,https://oshri.kosha.or.kr/extappKosha/kosha/guidance/fileDownload.do?sfhlhTchnlgyManualNo=Z-47-2022&fileOrdrNo=2,KOSHA,KOSHA Guide Z-47-2022,작업계획서,안전작업절차에 관한 지침 Z-47-2022,2022,pdf,B,N,1b44419a44c511c3123964a2959638eee95f26e30ffb703db56c7665b29e3c31,93044,외부 수집 2026-04-23 (general) — KOSHA Guide Z-47-2022
data/forms/B_semi_official/kosha_form/MOEL__교육일지__안전보건교육일지_양식_MOEL_의정부지청__N_A.hwp,data/raw/kosha_external/education/안전보건교육일지_양식_MOEL의정부지청.hwp,https://www.moel.go.kr/local/uijeongbu/common/downloadFile.do?file_seq=21171285442&bbs_seq=1332895608140&bbs_id=LOCAL1,MOEL,MOEL 의정부지청 자료실 (bbs_seq=1332895608140),교육일지,안전보건교육일지 (양식) — MOEL 의정부지청,N/A,hwp,B,N,2e75de35eb0ef2bc17d102749b64884f50f568072748f84f206cf016c78d0c24,51712,외부 수집 2026-04-23 (education) — MOEL 의정부지청 자료실 (bbs_seq=1332895608140)
